RegionID,SizeRank,RegionName,RegionType,StateName,2018-01-31,2018-02-28,2018-03-31,2018-04-30,2018-05-31,2018-06-30,2018-07-31,2018-08-31,2018-09-30,2018-10-31,2018-11-30,2018-12-31,2019-01-31,2019-02-28,2019-03-31,2019-04-30,2019-05-31,2019-06-30,2019-07-31,2019-08-31,2019-09-30,2019-10-31,2019-11-30,2019-12-31,2020-01-31,2020-02-29,2020-03-31,2020-04-30,2020-05-31,2020-06-30,2020-07-31,2020-08-31,2020-09-30,2020-10-31,2020-11-30,2020-12-31,2021-01-31,2021-02-28,2021-03-31,2021-04-30,2021-05-31,2021-06-30,2021-07-31,2021-08-31,2021-09-30,2021-10-31,2021-11-30,2021-12-31,2022-01-31,2022-02-28,2022-03-31,2022-04-30,2022-05-31,2022-06-30,2022-07-31,2022-08-31,2022-09-30,2022-10-31,2022-11-30,2022-12-31,2023-01-31,2023-02-28,2023-03-31,2023-04-30,2023-05-31,2023-06-30,2023-07-31,2023-08-31,2023-09-30,2023-10-31,2023-11-30,2023-12-31,2024-01-31,2024-02-29,2024-03-31,2024-04-30,2024-05-31,2024-06-30,2024-07-31,2024-08-31,2024-09-30,2024-10-31,2024-11-30,2024-12-31,2025-01-31
102001,0,United States,country,,312590.0,314851.5,321306.5,320000.0,328203.0,334333.0,332000.0,335500.0,331500.0,333305.0,339000.0,344906.0,326600.5,329900.0,332000.0,334426.5,340485.0,340000.0,340000.0,339943.0,338300.0,339500.0,340423.5,344500.0,330000.0,333500.0,333531.0,325000.0,320000.0,328750.0,338100.0,341000.0,345765.0,350000.0,349900.0,354000.0,339156.5,345000.0,350000.0,355880.0,360283.5,365276.0,370000.0,376911.0,382780.0,395700.0,398000.0,410000.0,400000.0,405286.0,408337.5,417859.0,423275.0,425000.0,429747.0,430540.0,429900.0,432027.0,431947.5,428485.0,412900.0,410100.0,415000.0,419990.0,422000.0,419900.0,416272.5,419500.0,419900.0,422177.0,418500.0,424000.0,413590.0,412400.0,414000.0,418300.0,416217.5,413900.0,413850.0,420000.0,419900.0,435000.0,440000.0,443995.0,435000.0
394913,1,"New York, NY",msa,NY,601821.0,670000.0,617419.0,620000.0,620000.0,703754.0,670000.0,661761.0,598732.0,670000.0,625000.0,655000.0,619000.0,590000.0,645288.0,630000.0,663810.5,665000.0,670000.0,672612.0,657500.0,610213.5,679093.5,680815.0,625000.0,599000.0,641816.0,717000.0,650900.0,682856.0,702000.0,669124.0,655000.0,705000.0,700000.0,735000.0,629900.0,679950.0,750000.0,758372.0,799000.0,760000.0,749950.0,747500.0,799000.0,777000.0,749660.0,729195.0,735000.0,749156.5,756806.0,747236.5,750000.0,775000.0,775000.0,875000.0,819500.0,850000.0,915000.0,788500.0,837450.0,810000.0,810000.0,930000.0,875000.0,925000.0,910500.0,921750.0,889444.0,918914.0,929500.0,940000.0,801077.5,859900.0,915000.0,884506.5,999033.0,996000.0,999000.0,1075000.0,1034649.0,858348.5,943559.0,985000.0,1122820.0
753899,2,"Los Angeles, CA",msa,CA,895000.0,793500.0,844000.0,852450.0,915000.0,892250.0,849900.0,909500.0,968500.0,970000.0,838750.0,991250.0,875000.0,870750.0,855000.0,910000.0,951000.0,860500.0,1028000.0,1041500.0,959000.0,1261495.0,1345000.0,968500.0,1200000.0,1160000.0,1249000.0,1002500.0,1012500.0,1098253.0,1319726.0,1245000.0,1127030.0,1175500.0,1160000.0,1122500.0,1406500.0,1069000.0,1290500.0,1285000.0,1325000.0,1350000.0,1314750.0,1299000.0,1294731.5,1240000.0,1194500.0,1300000.0,1395000.0,1200000.0,1335000.0,1650000.0,1487500.0,1750000.0,1595000.0,1595000.0,1565000.0,1400000.0,1350000.0,1119000.0,1250000.0,1150000.0,1391420.5,1472380.0,1319000.0,1337500.0,1285000.0,1513000.0,1538466.0,1350000.0,1214500.0,1006500.0,1350000.0,1099900.0,1181500.0,1062495.0,1099990.0,1215000.0,1213000.0,1065000.0,1500000.0,1349000.0,1325000.0,1350000.0,1650000.0
394463,3,"Chicago, IL",msa,IL,341487.0,374980.0,350585.5,360000.0,385000.0,390997.5,362000.0,350342.0,361251.0,342132.0,340060.0,349950.0,338500.0,365000.0,383500.0,425000.0,454750.0,431950.0,449750.0,414815.0,382779.5,429900.0,384950.0,423500.0,409000.0,447995.0,397500.0,450000.0,388000.0,486430.0,419000.0,434000.0,425000.0,405164.0,394090.0,400669.0,425000.0,390500.0,444990.0,474900.0,425000.0,423500.0,474618.0,412467.0,399000.0,451500.0,419002.5,438122.0,409000.0,437245.0,439000.0,450400.0,433825.0,489729.0,478000.0,438000.0,447902.5,455000.0,445000.0,435000.0,431752.0,412000.0,460000.0,474640.0,494000.0,475850.0,454130.0,444405.0,439990.0,444504.5,439990.0,465834.0,450000.0,451820.0,487509.0,504475.0,495450.0,514623.0,503785.0,482500.0,470290.0,505990.0,497490.0,549990.0,560000.0
394514,4,"Dallas, TX",msa,TX,328086.0,325000.0,322118.0,322837.0,355010.5,357672.0,353000.0,357761.0,347000.0,365990.0,352866.0,347480.0,335000.0,338000.0,332707.5,335000.0,355000.0,360037.0,360000.0,349950.0,350000.0,345000.0,350000.0,354945.0,357900.0,355000.0,339556.5,348500.0,345000.0,341700.0,345295.0,348500.0,341500.0,350000.0,355000.0,342990.0,326080.0,331100.0,339250.5,350100.0,348759.0,350831.0,378223.0,369950.0,371250.0,379999.5,385000.0,398875.0,395000.0,407931.5,410770.5,419847.0,436598.0,460038.0,448684.0,440000.0,431230.0,438155.0,426000.0,431337.0,430000.0,410587.0,424990.0,439785.0,430000.0,432926.5,423181.0,425984.5,435000.0,414587.0,415926.0,422900.0,415000.0,408797.0,413990.0,422962.5,414900.0,408665.0,417295.0,426995.0,445900.0,466990.0,499000.0,482974.5,460319.0
394692,5,"Houston, TX",msa,TX,283424.5,282990.0,296320.0,294892.0,305490.0,314903.5,315000.0,305805.5,305000.0,301463.0,299900.0,314700.0,306795.0,302846.0,309995.0,314310.0,325950.0,325000.0,326800.0,347000.0,332400.0,318758.5,322950.0,317840.5,291770.0,310000.0,295373.0,299992.5,289999.0,304000.0,305399.0,296000.0,299999.0,300000.0,305000.0,317625.0,297215.0,314235.0,330383.0,320810.5,315000.0,329329.0,327533.0,333207.5,334053.5,334000.0,336115.0,339990.0,345900.0,350000.0,356742.0,359629.0,358887.5,365000.0,366714.0,374135.0,365945.0,359125.0,363066.0,365000.0,338421.0,334740.0,349990.0,354172.5,357990.0,349990.0,353652.5,354715.0,349990.0,347350.0,336995.0,356995.0,342990.0,333990.0,348000.0,350000.0,349990.0,349995.0,356545.0,355000.0,350000.0,359000.0,349990.0,359995.0,345000.0
395209,6,"Washington, DC",msa,VA,491200.0,470765.0,489597.5,488115.0,475000.0,502045.0,503691.0,529655.0,539674.0,533065.0,487244.5,545000.0,442617.0,437990.0,465180.0,514275.0,516020.0,536745.0,525000.0,545000.0,562282.5,508775.0,549945.0,554263.0,593466.0,553000.0,570000.0,580000.0,570824.0,555000.0,620450.0,587490.0,625511.0,569252.0,560569.0,576905.0,542587.5,599625.0,585302.5,584752.5,586282.0,577545.0,625706.5,619490.0,620000.0,612000.0,608207.5,630308.0,599000.0,590630.0,606120.0,596975.5,594675.0,614151.0,605910.0,586045.0,549975.0,589382.5,578411.0,593000.0,542750.0,586343.0,589000.0,579990.0,599990.0,600632.5,610000.0,599995.0,588445.0,579999.0,601266.0,611197.5,631000.0,610000.0,625000.0,632047.0,639395.0,645020.0,623940.0,633519.5,615773.5,681040.0,617955.0,675090.0,672000.0
394974,7,"Philadelphia, PA",msa,PA,414375.0,392487.5,400000.0,430000.0,399900.0,420000.0,440000.0,420000.0,400000.0,425275.0,427935.0,390000.0,399900.0,408000.0,411250.0,419211.5,403000.0,424900.0,410000.0,405000.0,397495.0,396500.0,400000.0,419398.0,385000.0,375000.0,404995.0,386660.0,417900.0,403500.0,399000.0,409990.0,415000.0,421625.0,408999.0,415635.0,423000.0,440000.0,427895.0,445569.0,452184.0,472335.0,502535.5,483330.0,485000.0,488345.0,499500.0,515000.0,495000.0,470985.0,495000.0,486491.0,514480.0,540000.0,527926.0,490000.0,526247.5,529500.0,494755.0,528262.5,505790.0,480000.0,518640.0,549900.0,527500.0,549610.5,514615.0,499995.0,534200.0,523154.0,511305.0,537646.0,528595.0,537610.0,555745.0,540071.0,553690.0,564990.0,554900.0,565490.0,580244.5,607237.5,631402.5,549320.0,574900.0
394856,8,"Miami, FL",msa,FL,423115.0,400000.0,359900.0,358511.0,345000.0,370000.0,355200.0,360000.0,351000.0,345000.0,370600.0,355000.0,325000.0,330000.0,385800.0,407957.5,419250.0,398100.0,439900.0,430000.0,505405.5,458545.0,489314.5,455000.0,455210.0,431123.0,493350.0,428000.0,427645.0,468000.0,499500.0,470800.0,462500.0,489900.0,519500.0,489900.0,460000.0,450000.0,566650.0,450000.0,529000.0,510325.0,520000.0,465000.0,475000.0,490000.0,537570.0,561415.0,552408.0,550838.0,545000.0,599900.0,588642.5,622500.0,540000.0,529000.0,556442.5,570000.0,560297.5,639510.0,648510.0,592500.0,669197.5,715000.0,599500.0,700000.0,689410.0,669525.0,688385.0,740000.0,765000.0,665537.5,760000.0,674990.0,819995.0,840000.0,855000.0,777000.0,758660.5,795000.0,800000.0,972500.0,1014990.0,996895.0,1099990.0
394347,9,"Atlanta, GA",msa,GA,251904.0,256644.0,274095.0,268000.0,274357.0,280152.0,267838.5,266900.0,293713.0,299900.0,288512.5,276460.0,266700.0,277573.0,279900.0,287900.0,288569.0,294900.0,303244.0,289900.0,300000.0,293490.0,297914.0,300337.5,284900.0,298900.0,309620.0,304825.0,289900.0,302970.0,298365.0,294155.0,301727.5,307012.5,309900.0,315000.0,293880.0,303760.0,326090.0,317687.0,344000.0,348542.0,344000.0,353428.5,349680.0,369000.0,370900.0,394657.5,391900.0,392001.0,413213.0,425385.0,442000.0,461122.5,450000.0,449100.0,452700.0,450000.0,444240.0,440460.0,418990.0,439950.0,426656.0,435000.0,441375.0,433000.0,435000.0,435580.0,450200.0,448250.0,457000.0,442020.0,440000.0,446700.0,439395.5,449990.0,435000.0,448801.5,439142.5,426468.5,448600.0,447950.0,453141.5,450399.0,475785.0
394404,10,"Boston, MA",msa,MA,605000.0,574900.0,606225.0,585400.0,550435.0,588182.0,620000.0,650000.0,649000.0,624000.0,637500.0,710000.0,625000.0,593167.5,635000.0,637500.0,645949.5,614497.5,706430.0,648000.0,629900.0,691000.0,670002.0,647900.0,728250.0,675000.0,683100.0,705080.0,653267.5,599950.0,726150.0,725000.0,649933.0,667966.5,696325.0,669445.0,720000.0,692500.0,710779.0,699900.0,719000.0,695000.0,707500.0,709950.0,765657.5,800000.0,774000.0,849997.5,784997.5,799900.0,726960.0,832000.0,865000.0,879900.0,859360.0,865500.0,801982.5,865917.0,875000.0,815000.0,825000.0,840000.0,830000.0,869950.0,890000.0,839000.0,900000.0,899000.0,875000.0,869450.0,827671.5,865000.0,851997.5,859000.0,929900.0,948585.0,957450.0,923406.725,1075000.0,1065000.0,930000.0,1160000.0,1100000.0,1325000.0,1175000.0
394976,11,"Phoenix, AZ",msa,AZ,315813.0,327088.0,304757.0,304990.0,330198.0,310189.5,307297.0,317721.0,309843.0,332000.0,329220.5,321680.0,329738.5,329996.0,334072.0,340000.0,351449.0,346701.0,339995.0,330995.0,318490.0,330000.0,323990.0,333320.0,339990.0,326350.0,321893.0,311846.0,319082.0,332889.0,345745.0,356490.0,354597.5,372876.0,350995.0,345172.5,352720.0,357990.0,357570.0,380421.0,393000.0,380332.0,394995.0,399945.0,405920.0,430000.0,422240.0,422956.0,443217.0,440435.0,454184.0,451079.0,465490.0,464951.5,463335.5,459999.0,455000.0,450160.5,450000.0,440000.0,438555.0,437930.0,438995.0,450000.0,457640.0,458490.0,452000.0,442315.5,435000.0,446305.0,434990.0,437000.0,440000.0,458232.5,449992.5,463118.0,459990.0,452585.0,440000.0,449990.0,439995.0,459482.5,456153.0,465957.0,474990.0
395057,12,"San Francisco, CA",msa,CA,813000.0,887382.0,839500.0,875000.0,941000.0,925500.0,964000.0,975000.0,998538.0,1079000.0,1012500.0,1125000.0,1087000.0,1125000.0,1119500.0,1240000.0,1191089.5,1197500.0,1106495.0,1140000.0,1065000.0,1072500.0,1144172.5,801250.0,1000000.0,828920.0,1057500.0,1485660.5,998500.0,966750.0,1043186.0,1118000.0,1170398.5,1146000.0,1163500.0,1015000.0,963940.0,1036574.0,999000.0,1375000.0,1332500.0,1350000.0,1492500.0,1368463.0,1290000.0,1395342.5,965500.0,972000.0,931469.0,950000.0,952677.0,928500.0,980000.0,989437.5,1189500.0,1275500.0,917181.0,908740.0,957500.0,1102175.0,1200000.0,1102500.0,1155100.0,1190525.0,1166500.0,1312850.0,1170000.0,1157000.0,1105000.0,1237000.0,1000000.0,1144000.0,1021500.0,1130250.0,1342500.0,1309453.0,1322750.0,1324569.5,1250000.0,1048000.0,1199995.0,1392500.0,1100000.0,1252500.0,1170000.0
395025,13,"Riverside, CA",msa,CA,438870.0,434000.0,439250.0,440500.0,431500.0,448500.0,423000.0,453250.0,447125.0,452500.0,483500.0,444000.0,466000.0,469750.0,440000.0,446000.0,448500.0,447250.0,440000.0,458515.0,465000.0,468871.0,446990.0,432000.0,435500.0,424000.0,445000.0,435000.0,429000.0,446500.0,463745.0,500000.0,447000.0,480750.0,454990.0,524750.0,451250.0,485000.0,499915.0,491000.0,519500.0,520995.0,560000.0,536000.0,563000.0,586990.0,589500.0,545500.0,525000.0,574527.5,568750.0,598035.0,604413.5,612190.0,599000.0,621000.0,585500.0,586133.0,580288.0,573559.0,595500.0,585990.0,572847.5,562438.0,575000.0,575000.0,578500.0,585000.0,573000.0,595250.0,580000.0,589466.5,591750.0,597000.0,614092.5,619850.5,609990.0,600000.0,598500.0,597275.0,599000.0,625000.0,621813.0,619990.0,599995.0
394532,14,"Detroit, MI",msa,MI,319775.0,338760.0,340000.0,362690.0,340000.0,333570.0,333017.5,357500.0,346782.5,327450.0,344000.0,357000.0,348835.0,345725.0,376650.5,344900.0,385900.0,357450.0,377775.0,345000.0,355120.0,384000.0,333121.5,353735.0,369900.0,354900.0,357450.0,369000.0,374000.0,374486.0,375000.0,400495.0,391500.0,405000.0,323952.5,379820.0,358805.0,350000.0,347500.0,402822.5,369900.0,355000.0,399900.0,386498.5,437775.0,428189.0,442000.0,412299.0,352287.5,400000.0,461620.0,409360.0,439900.0,396250.0,433447.0,429380.0,426732.5,422998.0,465000.0,458672.5,444900.0,459900.0,389990.0,414990.0,435924.0,439969.0,432000.0,472673.0,425185.0,440000.0,481020.0,437150.0,415970.0,485000.0,488890.0,501194.0,490085.5,458600.0,473500.0,491365.5,477950.0,491790.0,544990.0,499990.0,449000.0
395078,15,"Seattle, WA",msa,WA,577689.0,543175.5,540000.0,594719.0,564750.0,571881.5,569950.0,557950.0,589000.0,564669.0,574834.5,579950.0,552562.0,577397.5,581153.0,570000.0,624999.0,635000.0,609000.0,628042.0,640000.0,625000.0,629950.0,637911.0,640000.0,675000.0,674725.0,670000.0,640625.0,702000.0,699950.0,679950.0,712500.0,722475.0,697203.0,720000.0,677362.0,679950.0,681057.5,692950.0,717255.0,714950.0,740065.5,749950.0,740406.5,775000.0,749950.0,759253.0,767995.0,759170.0,782475.0,812950.0,831862.5,815154.0,886011.0,819950.0,811562.5,769950.0,733341.0,796000.0,788945.0,749995.0,735900.0,819950.0,799000.0,780000.0,774950.0,767767.5,809385.0,760995.0,783900.0,829975.0,787850.0,851774.5,869900.0,850000.0,885000.0,849950.0,870000.0,840490.0,822497.5,899475.0,811905.0,810000.0,901225.0
394865,16,"Minneapolis, MN",msa,MN,358000.0,366000.0,362457.5,361452.0,389691.0,385185.0,372954.5,374300.0,372854.5,363946.5,379469.5,407500.0,360696.0,400415.0,365900.0,363000.0,380000.0,376750.0,375136.5,393942.0,386671.0,395000.0,403439.0,409990.0,388199.5,389104.5,392300.0,389900.0,407000.0,403463.0,401006.0,404900.0,410204.5,407935.0,413933.0,419704.5,385400.0,414625.0,423135.0,427710.0,402424.0,419950.0,423112.5,438897.0,444848.0,470372.5,480218.0,477873.5,475336.0,474100.0,473747.0,476344.0,489990.0,490606.0,489990.0,498233.0,502395.0,503775.0,513400.0,528110.0,515675.0,481155.0,463400.0,445487.5,457500.5,465000.0,492660.0,485871.5,484995.0,479990.0,499990.0,499132.5,485000.0,469990.0,474450.0,496187.5,499990.0,494913.5,493167.0,485862.5,487202.5,513475.0,525501.0,513865.0,504715.0
395148,18,"Tampa, FL",msa,FL,270900.0,269430.0,278300.0,292735.0,266650.0,280000.0,264900.0,278429.5,259900.0,270600.0,275000.0,284270.0,278400.0,272100.0,274500.0,274450.0,261000.0,269995.0,277000.0,260000.0,278785.5,289200.0,309000.0,315000.0,293445.0,295000.0,276995.0,285000.0,289990.0,295882.5,292990.0,310600.0,299945.0,316178.0,304550.0,309580.0,304365.0,318355.0,320990.0,315000.0,309990.0,320990.0,338000.0,344300.0,345400.0,361200.0,363335.0,375150.0,369600.0,381000.0,386240.0,408000.0,404995.0,417990.0,419950.0,428945.0,428110.0,410000.0,404990.0,406000.0,396495.0,389990.0,386995.0,400079.0,392258.0,399990.0,403500.0,414000.0,431614.5,423950.0,399900.0,419990.0,384990.0,382500.0,397490.0,394900.0,399900.0,407600.0,395000.0,388000.0,405492.5,399990.0,436495.0,449990.0,414000.0
394530,19,"Denver, CO",msa,CO,489950.0,500000.0,499072.0,506531.0,510600.0,515450.5,525000.0,504906.0,511000.0,508815.5,489330.0,470900.0,494900.0,509900.0,499900.0,536028.5,547164.0,545000.0,539075.0,533100.0,510000.0,515225.5,503600.0,486703.5,500000.0,503450.0,511500.0,511000.0,512212.5,510000.0,515000.0,525970.0,526012.5,542500.0,552000.0,520375.5,486200.0,500000.0,519000.0,556700.0,535102.0,531790.0,530555.0,577257.5,557832.5,585000.0,628900.0,595000.0,591080.0,609082.5,622700.0,644719.0,651880.0,652826.0,661550.0,671500.0,665000.0,655747.0,650000.0,670000.0,615225.0,644990.0,625930.0,654385.0,649995.0,643517.5,650000.0,645000.0,639000.0,613000.0,613500.0,612500.0,620715.0,599900.0,600000.0,630000.0,609000.0,580000.0,605000.0,595000.0,600000.0,635000.0,625000.0,644900.0,631995.0
394358,20,"Baltimore, MD",msa,MD,399155.0,432760.5,409742.5,433008.0,438500.0,412047.0,433700.0,388294.5,425259.5,418214.0,406361.0,434640.0,402500.0,426619.0,405139.5,416605.0,399900.0,415846.0,415000.0,422550.0,435737.5,479990.0,408282.5,395327.0,424352.5,443000.0,431185.5,430000.0,424500.0,440729.5,445000.0,440540.0,459950.0,466287.5,449945.0,457712.5,449995.0,475000.0,451890.5,459505.5,464167.0,481067.5,513405.0,505000.0,507032.5,537652.5,525200.5,545000.0,497805.0,499000.0,570000.0,587177.0,541420.0,518325.0,492165.0,515832.0,520555.0,540000.0,539990.0,539990.0,526942.5,556140.0,512500.0,544890.0,531990.0,543500.0,551995.0,538067.5,539945.0,569900.0,544535.0,577775.5,530020.0,549900.0,552000.0,560000.0,544343.0,535885.0,542920.0,559980.0,565670.0,539885.0,544115.0,558000.0,509592.5
395121,21,"St. Louis, MO",msa,MO,273000.0,277185.5,276423.5,280817.5,251969.0,281355.0,292000.0,275000.0,294208.0,294554.0,305361.0,317100.0,256989.0,285000.0,294915.0,276500.0,258500.0,299500.0,282879.0,299829.5,314500.0,313289.0,299950.0,242900.0,266150.0,270000.0,287600.0,269337.5,275000.0,307000.0,295000.0,312000.0,299000.0,306500.0,309997.5,306197.0,292501.0,296885.5,313950.0,325930.0,331950.0,338500.0,342141.5,323575.1,332900.0,339697.0,388500.0,387694.0,338095.0,402305.0,370000.0,385000.0,419900.0,387500.0,395852.0,367859.0,362400.0,422545.0,393601.0,399500.0,379500.0,346645.5,359000.0,380000.0,370397.0,380000.0,382495.0,386138.0,367694.0,393900.0,421600.0,398975.0,365000.0,405000.0,395000.0,417500.0,417075.0,396136.0,389400.0,379510.0,385000.0,425000.0,394950.0,400000.0,384900.0
394943,22,"Orlando, FL",msa,FL,306400.0,307457.5,327000.0,330000.0,318100.0,329832.0,332000.0,337693.5,330000.0,316450.0,320200.0,324395.0,315800.0,327707.0,317490.0,323000.0,301600.0,293800.0,310000.0,308995.0,302650.0,289100.0,319095.0,302000.0,298500.0,303000.0,311995.0,311850.0,308150.0,323000.0,319400.0,333500.0,330600.0,345497.5,332705.0,333565.0,320000.0,342600.0,340995.0,346409.0,354821.0,384790.0,373100.0,375000.0,379400.0,397850.0,384740.0,384101.0,388700.0,387990.0,387050.0,424067.5,407100.0,413005.0,419995.0,415924.0,448600.0,445308.0,430389.0,427490.0,419990.0,424885.5,419990.0,432292.0,438990.0,428298.5,429990.0,420000.0,431705.0,440000.0,427605.0,436140.0,435235.0,421990.0,431740.0,440000.0,428600.0,427692.5,430450.0,438045.0,440000.0,431990.0,438990.0,438490.0,425990.0
394458,23,"Charlotte, NC",msa,NC,316750.0,299995.0,304000.0,310500.0,311750.0,334000.0,334990.0,325500.0,329000.0,325000.0,342500.0,325000.0,308433.0,315500.0,324000.0,316205.0,336950.0,331975.0,332692.5,328500.0,328000.0,340000.0,319950.0,334995.0,313000.0,329000.0,340000.0,340000.0,332301.0,335000.0,339500.0,345000.0,349450.0,360000.0,354250.0,330000.0,344308.5,360000.0,370991.0,373000.0,365500.0,363820.0,362347.0,378352.0,362500.0,372000.0,413187.5,405212.5,411377.0,417000.0,426000.0,426600.0,429000.0,426879.5,439238.0,450390.0,444700.0,464025.0,446000.0,446500.0,422500.0,399750.0,412879.0,415750.0,416000.0,399990.0,403505.0,403000.0,410000.0,415682.5,395000.0,397465.0,409285.0,409250.0,408000.0,409450.0,411000.0,405000.0,409807.5,400000.0,399720.0,426119.0,425000.0,399390.0,405000.0
395055,24,"San Antonio, TX",msa,TX,264331.0,269444.5,289990.0,279899.0,286149.0,279900.0,269995.0,273750.0,260000.0,275000.0,270452.0,304095.0,272000.0,279917.5,272000.0,257144.5,259000.0,269500.0,271199.0,272950.0,265000.0,265463.0,269000.0,285000.0,248417.5,251990.0,245664.0,253000.0,250000.0,261074.0,261102.5,260512.5,273222.5,258341.0,258000.0,267900.0,265900.0,263000.0,262812.0,269249.5,266027.5,274000.0,281010.0,286950.0,295124.5,329000.0,321852.5,327300.0,320000.0,306999.0,316900.0,320062.5,326999.0,342500.0,323702.5,329500.0,329307.0,334790.0,333159.0,347000.0,316900.0,304950.0,320000.0,320000.0,309995.0,318877.5,321000.0,321317.5,320517.5,320000.0,295950.0,333630.0,292513.0,296950.0,314945.0,313999.0,320400.0,305000.0,320000.0,301868.0,315000.0,299045.0,305250.0,317995.0,267945.0
394998,25,"Portland, OR",msa,OR,451950.0,419900.0,427555.0,442055.0,453204.0,464945.0,463789.0,477715.0,450082.0,487492.0,499900.0,470000.0,456900.0,475000.0,469900.0,458500.0,464900.0,442900.0,448657.0,445975.0,459000.0,459097.5,464850.0,475000.0,466000.0,460950.0,449995.0,457400.0,443350.0,449900.0,483507.5,488862.0,500462.5,517650.0,529475.0,515358.5,483749.0,475000.0,481400.0,479900.0,482611.0,485467.5,487596.0,507407.5,515000.0,550000.0,539900.0,541653.0,563800.0,539625.0,565000.0,579000.0,575000.0,579000.0,598900.0,604615.0,605000.0,615829.0,578400.0,559992.0,535000.0,560000.0,589900.0,599900.0,589900.0,599340.0,589900.0,551900.0,536900.0,574980.0,596828.0,581117.0,574950.0,579995.0,570019.0,579950.0,589400.0,575535.0,575000.0,631990.0,587990.0,624200.0,654927.5,613543.0,617975.0
395045,26,"Sacramento, CA",msa,CA,455250.0,471500.0,477500.0,498500.0,483000.0,485000.0,486000.0,487250.0,498500.0,502500.0,500000.0,504255.0,488500.0,497500.0,490000.0,510500.0,499750.0,522000.0,519500.0,509750.0,536000.0,499250.0,502500.0,515750.0,489000.0,520000.0,521000.0,530250.0,522000.0,541250.0,533750.0,530000.0,556000.0,569500.0,520000.0,514115.0,524500.0,533500.0,546000.0,581000.0,578250.0,564000.0,546500.0,609500.0,568500.0,615250.0,670000.0,628000.0,645500.0,650000.0,658000.0,679250.0,665000.0,689000.0,694000.0,706000.0,690000.0,690238.5,634000.0,637500.0,600000.0,604730.0,618500.0,626500.0,640250.0,706500.0,653084.0,672500.0,635000.0,675000.0,650000.0,718088.0,670000.0,655000.0,682000.0,699989.0,742250.0,708245.0,793000.0,675250.0,700000.0,670500.0,688500.0,673000.0,727000.0
394982,27,"Pittsburgh, PA",msa,PA,295835.0,318961.0,320000.0,335765.0,334175.0,306935.0,305500.0,310952.5,304950.0,266990.0,303240.0,325000.0,349944.5,318700.0,292495.0,320677.0,319990.0,325700.0,328605.0,346656.5,308490.0,357800.0,349900.0,345000.0,309900.0,354990.0,309995.0,332520.0,407284.0,324300.0,345985.0,338000.0,319598.5,368045.0,369195.0,416500.0,366152.0,373347.5,356925.0,376007.0,493947.185,372800.0,372995.0,485312.5,434990.0,381909.115,429990.0,396076.0,404878.0,386000.0,433685.0,433653.0,446980.0,414145.0,459990.0,434192.5,451285.0,475850.0,379990.0,435000.0,502500.0,429272.0,420995.0,408835.0,445000.0,456000.0,417525.0,422500.0,413475.0,396340.0,449990.0,402000.0,437812.5,427837.5,410990.0,416990.0,431321.0,443140.0,447495.0,449252.5,498990.0,482495.0,433000.0,484375.0,435585.0
394466,28,"Cincinnati, OH",msa,OH,242773.0,225000.0,275303.5,255927.5,268835.0,252300.0,249338.0,232785.0,251737.5,256587.0,331566.0,292721.0,309049.0,278819.0,285112.0,228000.0,270206.5,284445.0,293012.5,312076.0,322000.0,314752.5,325000.0,318891.0,305000.0,275965.0,284534.0,335595.0,289257.0,295223.0,297974.5,286534.0,288900.0,301399.0,285000.0,316480.0,310045.5,363075.0,323061.0,338530.0,372932.0,345810.0,345000.0,351560.0,372733.0,366450.0,386942.0,393118.5,353839.0,399188.0,383461.5,382288.5,411950.0,382957.5,424945.0,380815.0,377413.0,373000.0,386161.0,392500.0,392874.0,407545.0,374900.0,369276.0,387471.0,397236.5,431000.0,399350.0,372400.0,414237.0,381848.0,420000.0,399900.0,412950.0,393000.0,419173.0,425520.0,459591.0,441900.0,397108.0,419118.0,452640.0,524900.0,468741.0,479310.0
394355,29,"Austin, TX",msa,TX,299975.0,298840.0,309990.0,309000.0,318846.0,329266.0,329177.5,340000.0,315000.0,318242.5,321349.0,347581.0,317660.0,335000.0,326871.5,348788.0,338432.5,329880.0,323995.0,332630.0,334517.5,349000.0,306247.0,320000.0,326744.0,317588.5,343027.5,342172.5,345000.0,332667.5,368813.0,368000.5,382000.0,389500.0,388000.0,409900.0,358627.0,362190.0,334990.0,389995.5,364970.0,377130.0,411066.0,420500.0,409335.0,442990.0,446827.5,451000.0,460127.0,454990.0,479990.0,475758.0,459363.0,480421.5,479684.0,465075.0,452000.0,462200.0,466170.0,471670.0,436647.0,424000.0,440000.0,450302.0,449990.0,464853.5,450000.0,442617.0,456000.0,424445.0,411000.0,443900.0,424990.0,434999.0,429990.0,424990.0,399995.0,406371.0,409371.0,420000.0,403000.0,431125.0,451155.0,465000.0,419260.0
394775,30,"Las Vegas, NV",msa,NV,340204.0,350800.0,355907.0,374000.0,367236.5,384869.0,385280.0,399399.0,384995.0,394801.0,381990.0,409292.0,389750.0,410860.5,389450.0,403000.0,408709.0,393578.0,365000.0,362990.5,366375.0,384000.0,376665.0,379587.0,367000.0,366397.5,365700.0,374806.0,369500.0,366022.5,384751.0,396990.0,389750.0,405500.0,394771.0,398742.5,387830.0,418738.0,391405.0,408736.0,444447.0,500000.0,430000.0,454061.0,440872.5,475000.0,458920.0,439753.5,454379.0,447848.0,450000.0,484990.0,496904.5,501950.0,492000.0,489495.0,472428.0,472665.5,465200.0,473000.0,438000.0,448974.0,461485.5,465591.5,466450.0,466950.0,494157.5,462889.0,461495.0,471398.0,478970.0,459950.0,459990.0,477069.5,480067.5,484990.0,484608.5,458950.0,505000.0,454990.0,478126.5,493975.0,492925.0,483178.0,498719.5
394735,31,"Kansas City, MO",msa,MO,366214.0,324373.0,339000.0,343500.0,348475.0,361057.5,359000.0,369492.0,384950.0,385612.0,370180.5,383625.0,347900.0,359600.0,367946.0,352633.5,359900.0,349975.0,375875.0,357500.0,380000.0,358400.0,374700.0,399900.0,388700.0,362942.0,364450.0,375000.0,360000.0,391500.0,394990.0,395000.0,393450.0,401200.0,399566.0,389900.0,385245.0,402320.0,402473.0,434677.0,454919.0,444950.0,434905.0,442503.0,459950.0,458477.0,465484.0,465000.0,450772.5,490635.0,479835.0,476992.0,502675.5,520000.0,522202.0,520251.0,582675.0,555097.5,541774.5,531534.0,543500.0,520650.0,534479.0,524575.0,514950.0,537574.5,528977.0,511000.0,539000.0,520000.0,535000.0,526123.0,527500.0,505000.0,529900.0,524950.0,529602.5,529900.0,535000.0,514900.0,540755.0,525000.0,538925.0,496098.0,490662.5
394492,32,"Columbus, OH",msa,OH,320200.0,325550.0,315590.5,309600.0,337900.0,325100.0,353200.0,412350.0,392500.0,333365.0,351200.0,378450.0,313350.0,320650.0,333050.0,332000.0,359450.0,340800.0,379500.0,367495.0,349900.0,379931.5,349950.0,370000.0,384550.0,345285.0,348100.0,352300.5,324990.0,353900.0,380000.0,349650.0,374580.0,350000.0,345200.0,350000.0,369900.0,342045.0,368276.0,385718.0,412540.0,390600.0,434568.5,404520.0,400390.0,392043.0,435900.0,430623.0,408310.0,418900.0,425505.0,447900.0,438296.0,423745.0,461067.0,455000.0,455900.0,480900.0,466280.0,470330.0,467300.0,480000.0,471150.0,462890.0,479900.0,469735.0,479080.0,480775.0,476000.0,474420.0,481200.0,451448.0,454990.0,455950.0,457450.0,467543.0,478814.5,485000.0,469490.0,459033.5,485657.5,459556.0,524990.0,478300.0,499999.5
394705,34,"Indianapolis, IN",msa,IN,270000.0,296140.0,321401.0,319375.0,335995.0,323882.0,319995.0,319990.0,314207.5,328677.0,357150.0,346539.0,351327.5,343036.5,355000.0,340950.0,345500.0,355000.0,338565.0,352220.0,328995.0,328500.0,353500.0,362500.0,367460.0,334675.0,340525.0,355382.5,329000.0,318500.0,320991.0,329000.0,345750.0,341997.5,333213.0,330140.5,323953.0,338997.5,317190.0,331890.0,338532.5,347770.0,357221.0,339322.5,369275.0,397590.5,375037.5,375000.0,369548.0,390000.0,390223.0,394987.5,395944.0,386980.0,390919.0,391170.0,398054.5,414890.0,403000.0,404141.5,404950.0,399995.0,401985.5,399995.0,397016.0,392375.0,377844.0,399995.0,401664.5,400000.0,389900.0,385000.0,380556.0,367750.0,368000.0,391000.0,398500.0,380000.0,385000.0,395000.0,406450.0,385000.0,390000.0,399990.0,399807.0
394475,35,"Cleveland, OH",msa,OH,295043.0,278000.0,284800.0,271500.0,313100.0,260000.0,278477.5,248250.0,256267.0,280550.0,271382.5,287764.5,249361.5,262203.5,269250.0,235250.0,262630.0,249500.0,263500.0,295000.0,286500.0,259040.0,280300.0,340400.0,283800.0,296990.0,287020.0,284250.0,285660.5,286181.0,307150.0,299092.5,254550.0,329927.5,270000.0,316595.0,284365.0,286550.0,325900.0,356815.0,266934.0,388585.5,302147.0,303767.5,333485.0,390000.0,386300.0,341218.5,372710.0,316592.5,374100.0,320902.5,373575.0,309957.5,313100.0,359430.0,400000.0,399245.0,394372.5,428142.5,421290.0,498284.5,430765.0,456270.0,366900.0,395000.0,444032.5,452600.0,445900.0,450000.0,467136.5,440500.0,473190.0,517500.0,479900.0,466840.0,500400.0,451123.0,439900.0,434900.0,449900.0,465375.0,500000.0,596465.0,391900.0
395059,36,"San Jose, CA",msa,CA,,,,,,,,,,,,,,,,,,,,,,,,,,,,,,,,,,,,,,,,,,,,,,,,,,,,,,,,,,,,,,,1235000.0,1070000.0,1093500.0,1557000.0,1200000.0,1045000.0,1502250.0,1600000.0,1305722.5,1750000.0,1250000.0,1384250.0,1682500.0,2185000.0,2505000.0,1823153.5,2305500.0,1502500.0,1288000.0,1637250.0,1375000.0,1530000.0,1650000.0
394902,37,"Nashville, TN",msa,TN,310164.5,334700.0,348000.0,343875.0,355331.5,369500.0,369900.0,374741.0,364151.5,379900.0,369990.0,369608.0,335092.5,334990.0,349450.0,374395.0,363000.0,350000.0,354450.0,363000.0,379900.0,377400.0,390000.0,389977.5,342000.0,356200.0,380052.0,381470.0,358042.5,379838.0,354664.0,358095.0,360000.0,359900.0,375685.5,366108.5,361645.0,361771.0,369117.0,389200.5,399999.0,416513.5,395757.5,395771.0,410060.0,414040.0,397847.5,427785.0,394990.0,440945.0,428391.0,450000.0,469000.0,447984.5,467000.0,444727.5,453950.0,493906.0,482570.0,460490.0,456348.0,469942.5,474900.0,454990.0,450480.0,468990.0,466312.0,464640.0,468074.0,465000.0,454500.0,472804.5,450000.0,487000.0,485000.0,497878.0,479200.0,470605.0,485915.0,493285.0,468893.0,524990.0,499875.0,533095.0,518687.5
395194,38,"Virginia Beach, VA",msa,VA,289140.0,283910.0,294875.0,284900.0,299999.0,323587.5,311250.0,325630.0,325000.0,322600.0,338740.0,322540.0,292500.0,307151.5,299000.0,300200.0,307795.0,324899.0,335000.0,323900.0,316138.0,345990.0,324900.0,354412.5,315570.0,299900.0,316150.0,309900.0,309950.0,306200.0,303700.0,311600.0,331200.0,305719.5,324900.0,337866.0,315000.0,295000.0,316000.0,335025.0,364000.0,356100.0,351732.5,350000.0,368085.0,375395.0,371350.0,407348.0,381950.0,397500.0,397250.0,399590.0,400000.0,399900.0,438805.0,414725.0,422095.0,425605.0,427650.0,425118.0,369027.0,398880.0,405000.0,412450.0,432450.0,442405.0,394732.5,426170.0,379000.0,419175.0,399000.0,395000.0,390130.0,382425.0,392822.5,431000.0,436950.0,443000.0,450293.0,430000.0,440230.0,407450.0,464950.0,446000.0,419990.0
395005,39,"Providence, RI",msa,RI,350796.0,369900.0,371916.0,369900.0,380000.0,431000.0,399900.0,374900.0,378900.0,409900.0,377500.0,394950.0,415000.0,439900.0,436025.0,377500.0,390000.0,388000.0,395700.0,397900.0,350000.0,412500.0,409900.0,389900.0,455000.0,352000.0,486000.0,399900.0,399000.0,404950.0,419000.0,533445.0,474500.0,474075.0,465000.0,447250.0,439900.0,409213.3,436250.0,463466.26,451308.5,486237.0,500063.34,524050.0,499900.0,510000.0,534184.0,515950.0,540950.0,500000.0,548250.0,539900.0,511500.0,562000.0,580000.0,575000.0,569900.0,566000.0,598600.0,583750.0,590000.0,610000.0,502535.5,598425.0,547500.0,530000.0,590000.0,521900.0,627400.0,586500.0,625000.0,572450.0,599900.0,582000.0,539450.0,489900.0,585654.0,579900.0,577039.5,750000.0,532950.0,572400.0,601718.0,618091.0,625000.0
394714,40,"Jacksonville, FL",msa,FL,278653.0,280000.0,289512.0,272675.5,293900.0,288000.0,312500.0,297097.0,296650.0,295450.0,319172.0,318100.0,291590.0,312885.0,299900.0,303000.0,315000.0,314900.0,315050.0,321752.5,320000.0,307631.0,296900.0,309900.0,308950.0,313750.0,306495.0,315550.0,313064.0,308400.0,323000.0,305000.0,325977.5,319900.0,325000.0,325200.0,319243.0,315650.0,320450.0,332990.0,324500.0,344952.0,353450.0,359995.0,353163.0,350000.0,375000.0,395314.0,395397.0,403216.5,404330.0,397990.0,404351.0,380990.0,385915.0,402312.5,397095.0,399990.0,394078.5,430255.0,367365.0,376945.0,390700.0,390500.0,415200.0,388400.0,395000.0,384750.0,380000.0,393800.0,387282.0,405000.0,377680.0,388247.0,398490.0,406261.0,391244.5,394990.0,385000.0,383990.0,385290.0,420950.0,410885.0,435000.0,380995.0
394862,41,"Milwaukee, WI",msa,WI,,,,,,,,,,,,,,,,390000.0,375000.0,398600.0,329250.0,377400.0,355300.0,331250.0,391200.0,400000.0,379950.0,431950.0,412300.0,399900.0,429949.5,472974.5,422445.0,428750.0,432000.0,459569.0,445000.0,474100.0,424900.0,426700.0,418100.0,419000.0,439247.5,450000.0,459999.0,481189.0,476900.0,488874.5,544950.0,502475.0,451236.5,538400.0,450000.0,477965.0,541990.0,539990.0,563500.0,509900.0,578444.5,511961.5,549199.5,552000.0,480700.0,549779.0,536505.0,499797.5,570950.0,537526.0,531870.0,540000.0,502450.0,595000.0,598000.0,573547.0,578500.0,563950.0,549900.0,569900.0,634613.5,578200.0,588195.0,581950.0,582132.5,591119.0,616380.0,604900.0,659000.0
394935,42,"Oklahoma City, OK",msa,OK,148500.0,185300.0,179000.0,176495.0,204500.0,240000.0,229250.0,215444.0,220000.0,230000.0,231920.0,233250.0,200000.0,207500.0,227500.0,229500.0,224250.0,257600.0,256500.0,257450.0,262850.0,225500.0,255250.0,250000.0,220750.0,245500.0,243000.0,229000.0,245000.0,274000.0,254500.0,264340.0,241000.0,269340.0,259000.0,243750.0,228000.0,247000.0,269424.5,263250.0,267705.0,275900.0,280647.5,286000.0,290441.0,291324.5,299790.0,283956.0,267500.0,304500.0,285000.0,313099.0,329131.0,330745.0,352500.0,351093.5,325287.5,322990.0,317500.0,326000.0,311840.0,303245.0,350953.0,317695.0,348500.0,334845.0,349900.0,316900.0,322312.5,341318.5,320945.0,315300.0,336000.0,317535.0,339500.0,353670.0,341840.0,340000.0,321044.5,350000.0,343500.0,338000.0,338840.0,361112.5,364340.0
395012,43,"Raleigh, NC",msa,NC,287500.0,295000.0,320250.0,329250.0,335250.0,326250.0,338000.0,330500.0,345500.0,335000.0,350000.0,358500.0,371500.0,348500.0,367452.5,355000.0,367250.0,384950.0,359000.0,371250.0,370000.0,354500.0,375000.0,347303.0,345500.0,342500.0,360000.0,358250.0,350000.0,370000.0,362000.0,360030.0,369000.0,365000.0,383000.0,366500.0,357075.0,347307.5,367912.5,372900.0,363651.5,388500.0,387665.0,380000.0,390500.0,410000.0,412500.0,391821.0,421000.0,405669.5,415000.0,440000.0,443000.0,450000.0,452000.0,474064.0,465000.0,469360.0,470000.0,472275.0,459500.0,430000.0,422500.0,440000.0,436100.0,435000.0,430000.0,431000.0,456165.0,429268.5,429410.0,450000.0,413250.0,406700.0,429900.0,435000.0,410475.0,416000.0,416170.0,418280.0,448900.0,453110.0,435000.0,437450.0,439900.0
394849,44,"Memphis, TN",msa,TN,299900.0,280700.0,282563.0,297570.0,279000.0,308047.0,297900.0,291924.0,269900.0,321518.0,300298.0,294000.0,300365.0,307975.5,284400.0,310122.5,329000.0,329900.0,264900.0,293450.0,277748.0,281200.0,283450.0,295000.0,285172.5,346900.0,299999.0,291825.0,251165.0,287900.0,304900.0,307908.0,298685.0,303900.0,343000.0,317400.0,328825.0,299000.0,324086.0,349690.0,350000.0,345900.0,325000.0,370000.0,396735.0,390000.0,362314.5,387500.0,332000.0,323200.0,351657.5,376955.0,349990.0,359900.0,355266.5,389900.0,361606.5,342600.0,377900.0,387450.0,375000.0,413264.0,398280.0,421187.5,378962.0,369900.0,352500.0,385550.0,359900.0,370740.0,369554.0,364900.0,397990.0,371900.0,354932.5,367647.0,374500.0,353900.0,360900.0,366475.5,378900.0,370860.0,380445.0,367145.0,348995.0
395022,45,"Richmond, VA",msa,VA,313320.0,310258.5,310000.0,284228.0,300374.0,319395.0,343624.5,335500.0,309262.5,360000.0,359554.5,355986.5,289328.5,311896.0,311796.0,312840.0,330985.0,348000.0,366332.5,371450.0,354582.5,353650.0,371025.0,353044.0,315000.0,336974.5,339825.0,331602.5,359990.0,373000.0,356549.0,346770.0,339881.5,365562.5,355728.0,364634.0,339990.0,340000.0,367015.0,369990.0,358642.5,377843.5,365965.0,388990.0,367022.5,389990.0,374960.0,394351.0,419241.0,438370.0,417935.0,431676.0,440990.0,442990.0,451785.0,488868.0,460591.0,446187.5,470895.0,394900.0,431515.0,449950.0,411599.5,463987.0,430135.0,444393.0,438976.0,442000.0,414524.0,436643.5,466385.0,437085.0,434465.0,492452.5,462655.0,475000.0,499990.0,470285.0,480015.0,464630.0,485527.5,503105.0,500000.0,491403.5,448979.0
394807,46,"Louisville, KY",msa,KY,259995.0,276935.0,260912.5,268164.5,257220.0,266900.0,245332.5,240500.0,267490.5,260775.0,312900.0,269131.0,312237.0,276865.0,283500.0,269949.5,270000.0,270000.0,295278.5,274600.0,265200.0,277586.5,307000.0,279900.0,281200.0,291405.0,285795.0,277977.5,294537.5,304633.5,271200.0,281700.0,274000.0,287450.0,310819.5,300065.0,289900.0,273082.0,311897.5,299990.0,308652.5,316628.0,336243.0,309000.0,334900.0,340000.0,334759.5,339957.5,329900.0,339900.0,335000.0,341665.0,346915.0,333900.0,359670.0,365000.0,350000.0,366419.0,343503.5,339295.5,349995.0,342445.0,326719.0,343910.0,350950.0,351040.0,351736.5,339897.0,323950.0,347477.0,372778.0,357959.0,352816.0,311610.0,350000.0,338000.0,355000.0,322400.0,339900.0,321504.0,341109.0,373500.0,390950.0,374875.0,320000.0
394910,47,"New Orleans, LA",msa,LA,220096.5,165000.0,248000.0,215000.0,185500.0,247000.0,209000.0,209000.0,177000.0,203250.0,221000.0,216000.0,165000.0,193057.5,172765.0,187000.0,199000.0,223000.0,235000.0,239000.0,229950.0,217000.0,218500.0,243500.0,226500.0,208500.0,215000.0,279000.0,239000.0,240000.0,255000.0,255000.0,265000.0,279450.0,284950.0,286334.0,259000.0,298000.0,274750.0,306000.0,298625.0,319030.0,298050.0,329900.0,350000.0,310850.0,329000.0,340000.0,300000.0,302450.0,284950.0,305500.0,321227.5,300000.0,299950.0,279000.0,279450.0,290000.0,300000.0,289900.0,261250.0,269950.0,281000.0,295500.0,271825.0,305655.0,270630.0,278450.0,275000.0,283450.0,275000.0,275465.0,277650.0,313635.0,325000.0,304900.0,339900.0,326240.0,309925.0,306987.5,289503.0,318085.0,325567.5,353060.0,417500.0
395053,48,"Salt Lake City, UT",msa,UT,,,,,,,,,,,,,,341996.0,396125.0,369181.0,379000.0,383489.5,371315.0,434744.0,338280.0,380250.0,397531.5,396250.0,384015.0,406983.5,399993.5,379715.0,390050.0,393018.0,407149.0,385750.0,434915.0,400175.0,378752.5,387450.0,391000.0,422815.0,421680.0,423496.0,396900.0,430000.0,460450.0,484900.0,542200.0,575000.0,535000.0,592353.0,575682.0,579018.5,549349.0,597075.0,653000.0,632910.0,585712.0,566070.0,561426.5,576825.0,581860.0,570000.0,530000.0,615000.0,545000.0,505450.0,580000.0,548025.0,565297.5,499720.0,545000.0,550739.0,529285.0,511260.0,515000.0,498497.0,530432.0,531662.0,525000.0,499990.0,510000.0,541500.0,520229.5,545000.0,550137.0,619038.0,573990.0
394388,51,"Birmingham, AL",msa,AL,,,,,,,,,,,,,,,,,,,,,,,380435.0,162000.0,318450.0,258399.0,261537.5,315062.5,270387.5,241362.5,275000.0,255500.0,281217.5,260000.0,266255.0,282402.5,398196.5,340633.0,359900.0,311200.0,294375.0,300060.0,307922.5,306050.0,340000.0,329900.0,355775.0,361385.0,386290.0,335550.0,331900.0,359600.0,387925.0,400000.0,386771.0,388458.0,424025.0,422285.0,411738.0,378425.0,374418.0,311715.0,336400.0,345100.0,344413.5,309950.0,314500.0,318347.0,320105.0,334150.0,358900.0,358453.0,340292.5,328212.5,338995.0,332900.0,339400.0,344900.0,345530.0,363425.0,370412.5,389955.0,410205.0,376913.0,324925.0
394640,53,"Grand Rapids, MI",msa,MI,223900.0,254950.0,271932.0,259950.0,260000.0,285387.0,281070.0,294750.0,318982.0,297335.0,309900.0,338450.0,294870.0,321406.0,306742.0,287267.0,299900.0,304000.0,310000.0,299900.0,319773.0,320473.5,319700.0,329360.0,289535.0,297500.0,308900.0,320000.0,300000.0,316000.0,324900.0,312000.0,339900.0,313275.0,334900.0,315550.0,312900.0,310722.0,330000.0,322984.0,354660.0,354529.0,354100.0,365520.0,388481.5,374750.0,394219.0,382450.0,360994.0,375000.0,379950.0,374925.0,397759.0,429900.0,395900.0,430429.5,422900.0,395000.0,427400.0,422500.0,436437.5,400000.0,404900.0,409900.0,471500.0,417600.0,397750.0,414212.5,437500.0,415000.0,415000.0,460750.0,411851.0,427100.0,398555.5,439900.0,431240.0,452000.0,480000.0,429900.0,482900.0,445065.0,418040.0,475000.0,410852.0
395167,54,"Tucson, AZ",msa,AZ,282443.0,279310.0,278102.0,304467.0,299235.0,296604.5,287722.0,299440.5,259640.0,324500.0,287816.0,288170.0,270000.0,277000.0,299990.0,278368.5,293500.0,270150.0,258950.0,293795.0,285000.0,267900.0,267670.0,260190.0,296040.0,287340.0,280000.0,281870.0,291077.5,302138.0,287230.0,323750.0,330745.0,318842.5,321500.0,359175.0,312960.5,324300.0,360632.0,383349.0,349720.0,394938.5,348735.0,415825.0,421826.0,360000.0,424345.0,390995.0,404995.0,441231.0,388945.0,399900.0,425000.0,417990.0,411755.0,385380.0,415700.0,414155.0,411296.5,399500.0,392477.5,398900.0,418950.0,423155.0,448520.0,404000.0,425000.0,417115.0,400100.0,414610.0,398888.0,412560.0,400000.0,393470.5,399000.0,401430.0,428605.0,397900.0,399805.0,400000.0,380482.5,384300.0,385000.0,394000.0,412325.0
395169,56,"Tulsa, OK",msa,OK,215000.0,249000.0,237448.0,235000.0,239750.0,225500.0,258500.0,244565.0,274250.0,266500.0,260000.0,269450.0,245500.0,236881.0,233269.0,232500.0,284000.0,273000.0,270000.0,255000.0,227000.0,251500.0,285750.0,250000.0,201300.0,249439.0,243900.0,290000.0,254516.5,289000.0,289750.0,282000.0,304765.0,307500.0,296700.0,331850.0,309950.0,323880.0,300000.0,266950.0,345900.0,321165.0,328686.0,329900.0,337500.0,307858.5,316675.0,330759.0,354200.0,296327.0,349549.0,355229.565,355246.5,370367.0,410000.0,414250.0,417177.5,357830.0,391750.0,440266.0,337500.0,375000.0,376500.0,353886.0,359400.0,334645.0,358295.0,415497.5,355000.0,377082.0,370796.5,337418.5,350410.0,389543.0,375000.0,395000.0,382297.0,383000.0,389338.5,376500.0,389000.0,422950.0,410460.0,350000.0,368677.5
394938,59,"Omaha, NE",msa,NE,271432.0,294000.0,287000.0,288900.0,295000.0,300000.0,313000.0,302989.0,309500.0,293100.0,323500.0,318500.0,313000.0,304000.0,306000.0,303754.5,322370.0,317337.0,335570.0,335771.0,349000.0,330000.0,345000.0,385750.0,330000.0,324860.0,324500.0,334000.0,342900.0,346000.0,348853.0,327000.0,346659.0,333525.5,352250.0,352524.0,337000.0,344175.0,347985.5,357505.0,381850.0,373366.0,410000.0,390558.0,395173.0,408000.0,384786.0,413000.0,406864.0,389900.0,415082.0,412990.0,461088.0,418970.5,451624.0,445071.5,464464.0,436375.0,466749.0,443410.0,467500.0,414919.0,408815.0,439000.0,442500.0,452062.5,443896.0,435000.0,412446.0,439820.0,435137.0,437469.0,419300.0,414900.0,421327.0,423122.5,410774.0,422000.0,422000.0,421394.5,412115.0,414447.0,447217.0,404600.0,430689.5
394653,61,"Greenville, SC",msa,SC,244281.0,240584.5,235000.0,240230.5,238148.5,251325.0,256132.5,250495.0,259000.0,277919.5,270000.0,258840.0,266860.0,261360.0,246070.0,237715.0,243368.0,252860.0,244456.5,254900.0,249000.0,245769.0,267450.0,263685.0,239900.0,255000.0,259900.0,254513.0,259900.0,273975.0,271625.5,258995.0,292000.0,304900.0,292700.0,291350.0,235238.0,263790.0,255685.0,274035.0,275000.0,257990.0,279750.0,270245.0,271969.0,289995.0,297221.5,292290.0,297505.0,304990.0,310466.0,319732.0,323990.0,316990.0,330000.0,346164.0,344614.0,319091.0,346610.0,331140.5,338589.5,319207.5,317675.0,335139.5,322990.0,336499.0,336808.5,333880.0,342087.5,339900.0,329850.0,353250.0,340500.0,344950.0,349500.0,349900.0,340725.0,335190.0,339900.0,334439.5,350000.0,333400.0,340000.0,370475.0,332500.0
394312,62,"Albuquerque, NM",msa,NM,264712.0,299967.5,265877.0,272048.0,290000.0,260006.0,285370.0,277860.0,250278.5,306000.0,312881.0,281058.5,292507.5,242924.0,250500.0,257868.5,249950.0,323627.5,275000.0,320000.0,319900.0,273000.0,245450.0,285000.0,251400.0,295170.0,254450.0,274470.0,289900.0,253950.0,299157.0,279900.0,307500.0,260600.0,315203.0,312178.0,320288.0,317500.0,327162.5,305000.0,335922.5,340630.0,368902.5,366375.0,334775.0,392945.0,345912.5,374000.0,337900.0,392995.0,383027.5,400557.0,387500.0,394000.0,405000.0,375790.0,374950.0,416640.0,389270.0,439005.0,404131.5,379990.0,396995.0,338013.0,345000.0,359995.0,342100.0,355225.0,354089.0,375790.0,354990.0,366865.0,381422.5,382700.0,350000.0,366275.0,380806.5,371000.0,386152.5,399995.0,374947.5,396240.0,366000.0,435720.0,378335.0
394753,65,"Knoxville, TN",msa,TN,284957.5,274000.0,282611.0,259320.0,288000.0,291335.0,305794.5,267900.0,309900.0,305000.0,307545.0,250000.0,314900.0,299800.0,265115.0,311450.0,299900.0,296000.0,303000.0,289950.0,300000.0,328420.5,344900.0,341250.0,285000.0,239300.0,305000.0,287867.5,263802.5,279900.0,292400.0,314750.0,299500.0,299900.0,314900.0,369900.0,325000.0,359450.0,303848.5,338425.0,304671.5,308975.0,350000.0,364344.0,334398.5,373375.5,371344.0,370972.5,414900.0,378750.0,378017.5,396450.0,395800.5,418328.0,407680.0,435008.5,428930.0,409900.0,427800.0,410000.0,396900.0,430185.0,437200.0,461831.0,445000.0,464114.0,492450.0,450000.0,420265.5,448450.0,402235.0,420205.0,409775.0,435000.0,423761.0,419953.0,399750.0,422590.0,440880.0,432500.0,441000.0,450900.0,467787.5,455926.0,562001.0
394367,66,"Baton Rouge, LA",msa,LA,222845.0,259200.0,264900.0,235000.0,231500.0,226975.0,222602.5,223835.0,256400.0,234900.0,230892.5,209350.0,242485.0,197450.0,242200.0,230150.0,264842.5,268357.0,243505.0,277200.0,252032.5,235715.0,205950.0,262598.0,230246.0,224962.5,235840.0,216830.0,255000.0,220793.5,237369.5,246077.5,251000.0,258217.0,240000.0,226900.0,212839.5,251915.0,247939.5,241924.5,237132.5,260228.0,265187.5,261000.0,256387.5,266360.0,264465.5,266200.0,261467.5,271125.0,277570.0,285195.0,300485.0,292095.0,289000.0,294065.0,296145.0,284127.5,302922.5,286160.0,298315.0,279760.0,277990.0,290990.0,299000.0,306035.0,299990.0,297005.0,294990.0,278135.0,294815.0,281882.5,290800.0,295000.0,307900.0,289367.5,291900.0,295430.0,307080.0,310022.5,314355.0,300502.5,321620.0,289730.0,318700.0
394843,67,"McAllen, TX",msa,TX,,,,,,,,,,,,,,,,,,,,,,,,,,,,,,,,,,,,,,180500.0,194500.0,194163.5,206900.0,210000.0,235000.0,215000.0,229000.0,238750.0,237000.0,230000.0,207865.0,229900.0,238500.0,232000.0,220250.0,251250.0,243000.0,230180.5,263700.0,245000.0,240750.0,249950.0,237450.0,249000.0,265000.0,247500.0,248000.0,253250.0,250000.0,261000.0,275000.0,262486.0,267000.0,244750.0,218000.0,249000.0,255000.0,253500.0,248000.0,269000.0,274250.0,252500.0,255000.0,280000.0,262577.0,270000.0,254900.0
394561,69,"El Paso, TX",msa,TX,174716.0,173975.0,179700.0,180475.0,177003.5,180880.0,183070.0,182950.0,189950.0,180172.5,186950.0,184950.0,171950.0,188000.0,177550.0,178950.0,192787.5,201827.0,187950.0,187950.0,189950.0,184450.0,182450.0,189500.0,180630.0,201860.0,207060.0,189155.0,191950.0,198500.0,200475.0,210707.5,218950.0,203760.0,217975.0,205450.0,220250.0,225450.0,226725.0,230000.0,238349.5,233450.0,250000.0,250000.0,242950.0,243120.0,235000.0,242625.0,244950.0,253950.0,269000.0,249583.0,262975.0,259843.0,260950.0,266975.0,283375.0,266950.0,266950.0,277950.0,269855.0,267790.0,283692.5,285000.0,284500.0,284302.5,290450.0,282450.0,288400.5,285950.0,293700.0,298950.0,304100.0,287350.0,289275.5,289950.0,294370.0,283950.0,290102.5,293950.0,298950.0,291450.0,290920.0,300537.5,305950.0
753906,73,"North Port, FL",msa,FL,379550.0,317807.0,317200.0,336000.0,327900.0,329990.0,320300.0,315150.0,336162.5,340586.0,343697.0,339900.0,300000.0,341690.5,345000.0,328300.0,327000.0,333990.0,330000.0,312940.0,349630.0,347192.0,357000.0,388000.0,400000.0,362000.0,344990.0,334800.0,300000.0,339177.5,339791.0,336700.0,330035.0,330000.0,359500.0,374990.0,345000.0,332300.0,392600.0,382233.0,370000.0,370668.5,384000.0,376575.0,387730.0,421945.0,402990.0,420490.0,435400.0,441995.0,465850.0,435550.0,469678.5,484995.0,498500.0,524900.0,478000.0,503517.5,468500.0,474600.0,465000.0,459999.0,452100.0,469500.0,450990.0,469000.0,458500.0,453885.0,428000.0,444545.0,475903.0,505797.5,473085.5,460900.0,449500.0,463290.0,465000.0,440000.0,454825.0,437300.0,432400.0,418400.0,435000.0,459990.0,425495.0
394457,75,"Charleston, SC",msa,SC,291900.0,329224.5,361117.0,344820.0,338859.0,322985.0,338345.0,330195.0,357500.0,329045.5,300986.0,333152.5,313477.0,339950.0,328164.5,373414.0,329900.0,366290.0,370824.0,390000.0,367225.0,354900.0,444900.0,351071.5,412329.0,365237.0,297060.0,330000.0,320000.0,334120.5,333262.0,339250.0,337795.0,347357.0,359885.0,342900.0,334990.0,369417.5,352682.0,379737.0,374943.0,391150.0,375400.0,399606.0,408834.5,437428.0,429927.5,439258.0,389990.0,414775.0,400000.0,425465.0,453278.0,446055.0,447821.5,437139.5,428646.0,464082.5,427326.0,466287.0,415440.0,414432.5,443885.0,469990.0,438710.0,446280.0,433465.5,394984.0,432015.0,410710.0,407849.0,429822.5,421330.0,410439.5,438812.0,413200.0,430760.5,429035.0,425000.0,410835.0,415000.0,457941.0,430937.5,412222.5,417642.0
394648,76,"Greensboro, NC",msa,NC,196250.0,190750.0,195000.0,184500.0,190500.0,198500.0,214995.0,202995.0,248000.0,256900.0,264000.0,231250.0,207750.0,261000.0,243500.0,281750.0,280000.0,280750.0,281900.0,299000.0,285242.5,301000.0,277602.5,291500.0,234345.0,240000.0,249000.0,232000.0,267125.0,260000.0,260495.0,237900.0,241099.5,262689.0,269750.0,283220.0,286297.5,245932.5,249915.0,271688.0,267324.0,259945.0,309960.0,321785.0,311540.0,312918.0,300945.0,302500.0,299930.0,358837.5,334995.0,360819.0,351500.0,370803.0,360519.0,365000.0,358000.0,376750.0,371000.0,417000.0,390500.0,387000.0,372445.0,397778.5,390000.0,360639.5,367245.0,365495.0,345000.0,372000.0,364995.0,370495.0,342034.0,330217.0,339990.0,341949.0,320990.0,326470.0,321250.0,350445.0,380000.0,385321.5,380970.0,405990.0,349000.0
394440,78,"Cape Coral, FL",msa,FL,241900.0,231500.0,244995.0,250000.0,259380.0,253150.0,274738.0,264875.0,253077.5,245000.0,249500.0,249750.0,222000.0,242000.0,236000.0,233550.0,241000.0,229450.0,241700.0,236480.0,238010.0,243000.0,250000.0,239650.0,232270.0,247000.0,242200.0,262425.0,246950.0,239900.0,273000.0,246835.0,252087.0,255000.0,286000.0,277500.0,258950.0,265395.0,269950.0,275548.5,272900.0,280570.0,295090.0,312400.0,326644.5,325000.0,342300.0,354000.0,330000.0,324950.0,345000.0,365000.0,372367.5,380000.0,384900.0,379000.0,365000.0,372160.0,380000.0,380000.0,365000.0,390000.0,368781.5,380000.0,380000.0,390000.0,375000.0,384999.5,369999.5,366000.0,373990.0,374999.0,360000.0,365000.0,367000.0,372500.0,370000.0,375000.0,378800.0,369000.0,368500.0,384000.0,371999.0,360000.0,350000.0
394399,79,"Boise City, ID",msa,ID,338015.0,329668.0,319334.5,324995.0,337202.0,361062.0,353500.0,359900.0,339102.5,364207.5,369445.0,354959.0,330400.0,355965.0,344157.5,354900.0,353900.0,366212.0,374490.0,367635.0,370000.0,364500.0,381062.5,383500.0,415450.5,389154.0,382445.0,380490.0,382216.0,402740.0,380000.0,424900.0,409990.0,450000.0,435700.0,465415.0,469900.0,460000.0,456000.0,469900.0,496495.0,482490.0,481739.5,492433.0,510000.0,504990.0,550000.0,529990.0,532270.5,524900.0,542983.5,566000.0,564788.0,580000.0,539900.0,557332.5,567655.0,570000.0,529990.0,504061.0,452096.0,475000.0,450472.0,454990.0,479989.0,475949.5,479900.0,479990.0,459990.0,489990.0,479687.0,480373.0,459990.0,480000.0,505305.0,524990.0,497184.5,476785.0,480086.5,488000.0,490995.0,509900.0,497446.5,518682.0,544997.5
394484,80,"Colorado Springs, CO",msa,CO,376781.0,367930.0,360000.0,370950.0,386473.0,373400.0,393135.0,397790.0,370250.0,375100.0,395976.0,352302.0,361038.0,380450.0,366081.5,385750.0,445000.0,409500.0,369990.0,386974.0,420600.0,419200.0,385600.0,433100.0,447934.5,448653.0,435000.0,434550.0,403300.0,411700.0,435200.0,428970.0,429995.0,431345.0,436432.0,453400.0,449122.0,481800.0,471500.0,494400.0,496813.0,493250.0,567600.0,499900.0,480000.0,504571.355,472400.0,502800.0,482700.0,477900.0,498500.0,484800.0,487140.0,530280.0,523252.5,572832.5,523425.0,517700.0,507497.5,499500.0,511700.0,554094.0,500000.0,545000.0,537420.0,499995.0,501850.0,499295.5,515600.0,493000.0,505425.0,491880.0,475000.0,514247.5,503047.5,559438.0,555100.0,529900.0,524990.0,568888.0,522425.0,510142.5,548950.0,536430.0,548205.0
394798,81,"Little Rock, AR",msa,AR,183750.0,177700.0,183450.0,176950.0,227450.0,207858.0,255000.0,219950.0,237300.0,233000.0,242495.5,233900.0,179200.0,279000.0,249925.0,253139.0,275000.0,289000.0,258000.0,234950.0,264900.0,267450.0,220000.0,238500.0,259950.0,267500.0,232900.0,249584.0,206120.0,266350.0,265000.0,259900.0,290500.0,274400.0,286325.0,238000.0,218500.0,206000.0,215000.0,217550.0,262500.0,215771.0,224000.0,222000.0,244950.0,225000.0,258720.0,279900.0,300000.0,250031.0,279500.0,302000.0,309900.0,317000.0,310000.0,321000.0,341078.5,281966.0,315810.5,364000.0,306443.0,333900.0,343000.0,369850.0,365375.0,360786.0,369606.0,367500.0,377000.0,370450.0,314870.0,331000.0,331500.0,332450.0,365000.0,378500.0,388500.0,385150.0,344900.0,375000.0,389900.0,397000.0,386093.5,376500.0,384500.0
394766,82,"Lakeland, FL",msa,FL,221900.0,207695.0,212798.0,213000.0,213000.0,213245.0,215497.5,217445.0,217600.0,227900.0,230990.0,218665.0,230000.0,215015.5,213990.0,213400.0,216995.0,218450.0,227990.0,222900.0,221075.0,215000.0,229990.0,223995.0,218672.5,224704.0,228399.0,230530.5,225000.0,232000.0,234982.5,237175.0,229990.0,245000.0,246900.0,237450.0,244900.0,249140.0,243855.0,254900.0,263490.0,264900.0,270850.0,281990.0,291200.0,299695.0,305825.0,327000.0,314558.0,319300.0,322310.0,338622.5,341990.0,355000.0,354991.0,350000.0,357795.0,348215.0,346990.0,340994.5,329633.5,336990.0,329400.0,333990.0,344452.0,344745.0,340083.5,352900.0,348695.0,348980.0,339345.0,340080.0,349900.0,347700.0,340000.0,336555.0,331643.0,332500.0,331244.5,330130.0,331100.0,327000.0,335490.0,327995.0,325500.0
394531,84,"Des Moines, IA",msa,IA,269000.0,306612.5,251000.0,253000.0,285947.0,266500.0,269000.0,284500.0,289750.0,296750.0,300000.0,335500.0,323000.0,294500.0,294879.0,292250.0,293000.0,285000.0,293250.0,303000.0,285000.0,311783.5,317282.5,307000.0,294500.0,272533.0,258000.0,292000.0,282000.0,278495.0,277750.0,285067.5,281500.0,285000.0,294167.0,297000.0,319020.0,298259.0,280780.0,298570.0,299386.5,299112.5,309950.0,305500.0,332494.0,336316.0,346225.5,345000.0,362000.0,358595.0,360444.5,361000.0,368950.0,375000.0,360500.0,383900.0,355000.0,385000.0,379990.0,344000.0,360990.0,342990.0,359945.0,363990.0,350000.0,364900.0,374990.0,370000.0,378995.0,367990.0,374257.5,374995.0,354995.0,364495.0,349995.0,358495.0,354990.0,360000.0,360000.0,359500.0,379090.0,395000.0,380350.0,400000.0,355900.0
394816,88,"Madison, WI",msa,WI,333600.0,341041.5,336240.0,356000.0,333333.0,351700.0,351900.0,345000.0,329900.0,299000.0,374900.0,386000.0,337850.0,340500.0,351000.0,324900.0,365100.0,353450.0,381500.0,398000.0,338115.0,385000.0,398643.0,371754.0,357400.0,317955.0,360000.0,365600.0,360250.0,350762.0,363000.0,382600.0,375000.0,372000.0,365000.0,363900.0,369900.0,381900.0,374950.0,374900.0,376400.0,382900.0,384900.0,382850.0,377750.0,385100.0,404900.0,449900.0,374000.0,414900.0,424900.0,424900.0,432900.0,465200.0,424900.0,450000.0,417500.0,479900.0,501800.0,487450.5,484544.0,424900.0,454700.0,478850.0,494900.0,459900.0,471650.0,474500.0,499621.5,508885.5,480000.0,507900.0,503400.0,464658.5,514900.0,540000.0,529900.0,518000.0,516440.0,532000.0,510950.0,525314.0,504900.0,544050.0,482900.0
395235,89,"Winston, NC",msa,NC,207750.0,192952.0,186250.0,195000.0,189000.0,183000.0,182250.0,209000.0,205178.0,214969.0,240950.0,228697.5,202500.0,206000.0,200750.0,227500.0,215000.0,227500.0,260300.0,239500.0,251000.0,253500.0,239500.0,260165.0,255500.0,222000.0,275000.0,270750.0,271500.0,266760.0,248981.5,284990.0,278250.0,260000.0,277500.0,251500.0,247000.0,300000.0,301990.0,300184.0,299902.0,305050.0,300572.0,306500.0,296870.0,341019.5,321750.0,315000.0,307000.0,313800.0,308038.0,334500.0,307234.0,316500.0,319500.0,341050.0,341500.0,337895.0,352697.0,318437.5,310940.0,321000.0,321269.5,319292.0,320995.0,315000.0,325000.0,322179.5,326660.0,315570.0,321240.0,302000.0,344000.0,350000.0,338990.0,345000.0,315000.0,315993.0,316000.0,355970.0,344107.5,357075.5,369950.0,392894.0,390950.0
394528,90,"Deltona, FL",msa,FL,237450.0,239405.0,238900.0,242750.0,245990.0,237402.0,240000.0,261579.0,249900.0,257252.0,257356.0,259900.0,248745.0,249991.0,246000.0,237500.0,253000.0,255700.0,256250.0,245000.0,254200.0,261550.0,268900.0,256000.0,242000.0,257000.0,250533.5,242000.0,241990.0,250490.0,259900.0,259695.0,258900.0,267995.0,265710.0,263900.0,274352.5,260740.0,273490.0,278500.0,279490.0,289660.0,299160.0,295990.0,307680.0,295044.0,315990.0,338450.0,333745.0,330000.0,339990.0,349900.0,352695.0,352000.0,370000.0,365537.0,371740.0,376136.5,380000.0,362990.0,363018.0,357300.0,363554.0,361990.5,360000.0,374126.0,363054.0,360687.5,369990.0,369995.0,386990.0,375000.0,376900.0,357907.5,370495.0,368422.5,369990.0,369990.0,369092.5,352995.0,374990.0,359990.0,374990.0,363490.0,359697.5
395006,92,"Provo, UT",msa,UT,383236.0,370862.0,384950.0,362467.5,352905.0,397118.0,376475.0,375043.0,352611.0,353750.0,380000.0,394854.0,424418.0,400000.0,380000.0,355311.0,395150.0,385000.0,367250.0,378798.5,364000.0,369233.5,345000.0,330273.0,336628.0,345820.0,347782.5,363736.5,367745.0,355199.0,385749.5,395045.0,387450.0,433997.5,408798.5,422185.0,415378.0,411304.0,390167.0,435415.0,470382.0,468125.0,445866.5,461228.0,471514.0,509900.0,499990.0,513000.0,538500.0,547147.5,560634.0,588947.0,574210.0,634750.0,582555.0,535503.0,512155.0,540139.5,539917.0,506000.0,499000.0,470000.0,496964.0,469900.0,490711.0,514900.0,498950.0,523330.0,480000.0,496413.0,485000.0,482679.0,465517.0,475000.0,476000.0,498922.5,490427.5,489900.0,476821.0,494425.0,499700.0,494900.0,501900.0,499900.0,530000.0
394549,95,"Durham, NC",msa,NC,334569.5,346000.0,325750.0,336500.0,329000.0,368960.0,306000.0,339250.0,330000.0,324500.0,372500.0,382500.0,352125.0,372000.0,344855.0,315500.0,343000.0,338500.0,385952.0,334500.0,407500.0,394152.5,450000.0,385000.0,358756.0,325000.0,387334.0,327495.0,392000.0,339000.0,418750.0,389000.0,379000.0,402625.0,431197.0,399500.0,324880.0,309945.0,338540.0,348230.0,351000.0,366780.5,357500.0,350310.0,407125.0,445960.0,422575.0,453000.0,461000.0,447287.5,455000.0,468300.0,461742.5,467970.0,491255.0,485250.0,463555.5,437785.0,455015.0,473585.0,430000.0,425000.0,450000.0,460000.0,454040.0,478500.0,499750.0,500000.0,450000.0,470250.0,489900.0,472500.0,445000.0,404995.0,430495.0,466370.0,463500.0,456755.0,456260.0,470450.0,475900.0,472517.5,471933.0,425854.5,482500.0
394352,96,"Augusta, GA",msa,GA,204550.0,208225.0,222000.0,219045.0,211600.0,236000.0,223365.0,225000.0,239450.0,212615.0,232500.0,230400.0,192722.5,188585.0,205500.0,192650.0,229163.0,221437.5,229490.0,233250.0,223517.0,229900.0,225357.0,207900.0,219900.0,212675.0,240700.0,194900.0,236207.0,225225.0,254027.5,247700.0,245000.0,255900.0,249432.5,255292.0,228719.0,240945.0,245000.0,272400.0,273975.0,282400.0,272687.5,275850.0,277145.0,299777.5,298180.0,299900.0,287050.0,289900.0,301300.0,305450.0,314900.0,319900.0,310500.0,314450.0,325830.0,321050.0,329990.0,313950.0,319900.0,315700.0,318900.0,323500.0,321200.0,314830.0,335900.0,306221.0,299900.0,321425.0,291687.5,309400.0,309340.0,325900.0,318990.0,321400.0,322937.5,322000.0,333897.0,322950.0,304900.0,315000.0,317000.0,330452.0,328805.5
394957,97,"Palm Bay, FL",msa,FL,263000.0,245445.0,244400.0,265030.0,269937.5,272592.5,259900.0,288000.0,285200.0,285700.0,290840.0,311258.5,269870.5,261000.0,255000.0,251097.5,268000.0,275000.0,294000.0,270000.0,285000.0,261000.0,294900.0,286550.0,272000.0,275820.0,297000.0,274100.0,259050.0,251485.0,280000.0,283995.0,262900.0,275000.0,273576.0,283250.0,270540.0,305829.0,306100.0,292000.0,281200.0,299150.0,285950.0,318325.0,291693.5,315417.5,315000.0,327900.0,312540.0,308540.0,321960.0,334900.0,338657.5,350000.0,358835.0,363967.5,363585.0,363900.0,355992.5,352540.0,349140.0,355270.0,350865.0,353165.0,349900.0,343032.5,345632.5,345130.0,350000.0,357900.0,375760.0,371800.0,374650.0,378200.0,376000.0,379945.0,374945.0,357835.0,369900.0,369900.0,369900.0,371880.0,392990.0,384180.0,382040.0
394711,98,"Jackson, MS",msa,MS,,,,,,,,,,,,,,,,,,,,,,,,,,,270000.0,290900.0,259500.0,307700.0,285250.0,313150.0,315000.0,289950.0,334950.0,309500.0,288500.0,289900.0,328000.0,298500.0,349900.0,327000.0,317340.0,253000.0,324900.0,278000.0,280480.0,313200.0,334499.0,354500.0,329999.0,335999.5,366500.0,356499.5,346999.5,371537.5,385000.0,347475.0,369772.5,362450.0,369000.0,379950.0,387450.0,383171.0,382950.0,370900.0,332750.0,363500.0,382530.5,367750.0,379750.0,334500.0,357450.0,333800.0,347300.0,349900.0,382500.0,337950.0,326750.0,348000.0,393825.0,334250.0,342000.0,320925.0,362000.0
394460,102,"Chattanooga, TN",msa,TN,261000.0,257699.5,261750.0,286450.0,289500.0,317445.5,298000.0,309037.5,312273.0,315000.0,322154.5,308950.0,269000.0,289000.0,299900.0,320112.0,308433.75,299500.0,317200.0,308000.0,299000.0,298000.0,300700.0,342028.0,365000.0,347450.0,332187.5,309000.0,330413.5,333150.0,359900.0,340000.0,352500.0,340195.0,320202.5,339900.0,314547.5,331000.0,333000.0,380545.0,338920.5,360375.0,379900.0,375000.0,370000.0,383950.0,385000.0,389320.0,371407.5,411240.5,435000.0,413500.0,445000.0,425500.0,435000.0,450000.0,455000.0,454205.0,452057.0,420000.0,406831.5,397350.0,412400.0,426500.0,449900.0,440000.0,407177.5,443325.5,399735.0,427291.0,500000.0,397000.0,449900.0,425331.5,414900.0,457455.0,429900.0,425000.0,392500.0,429000.0,399900.0,440000.0,399000.0,456500.0,412400.0
394997,105,"Portland, ME",msa,ME,352500.0,370000.0,349950.0,350000.0,336300.0,345000.0,389000.0,350110.24,385000.0,359000.0,435000.0,382500.0,344900.0,360400.0,380000.0,425000.0,367900.0,394900.0,397775.0,547845.0,395000.0,369950.0,336470.0,435500.0,379900.0,403702.0,399950.0,325000.0,364700.0,385000.0,362400.0,399700.0,419100.0,404761.0,408837.5,449461.095,455795.0,423000.0,470000.0,520950.0,449900.0,509900.0,526709.0,487257.36,503859.0,511800.0,450000.0,450410.5,539857.0,528000.0,518850.0,538700.0,540000.0,505000.0,518386.5,540225.0,619700.0,519800.0,472500.0,487500.0,579000.0,574000.0,560000.0,593527.0,532596.5,575000.0,556693.0,606250.0,552750.0,576500.0,649000.0,599900.0,582000.0,570000.0,659000.0,669717.0,610200.0,768430.0,664000.0,564500.0,636250.0,675000.0,566350.0,677000.0,585000.0
394590,108,"Fayetteville, AR",msa,AR,212180.0,199950.0,207793.0,210000.0,231900.0,235000.0,256002.5,255630.0,246250.0,236550.0,242812.5,250000.0,205000.0,224000.0,234900.0,264900.0,260000.0,270681.0,240000.0,256300.0,264900.0,253750.0,266912.5,257800.0,249900.0,270000.0,268262.5,278640.0,264000.0,281000.0,262500.0,286500.0,273750.0,268152.5,306275.0,284900.0,283924.5,255000.0,245420.5,254000.0,262325.0,247400.0,285874.0,294775.0,270000.0,275025.0,293165.0,306623.5,320000.0,315000.0,318100.0,346000.0,331720.0,337500.0,342255.0,329655.5,329900.0,354900.0,375950.0,363958.0,399900.0,362421.0,383177.5,348615.0,357175.0,352141.5,333688.0,336990.0,343806.5,351850.0,351587.5,349867.0,355000.0,358900.0,354000.0,352850.0,385000.0,362696.5,408488.5,411950.0,362500.0,395000.0,386315.0,408295.0,380000.0
394589,109,"Fayetteville, NC",msa,NC,199900.0,214000.0,226000.0,224000.0,240000.0,233250.0,232000.0,239500.0,235000.0,247000.0,243950.0,250000.0,224500.0,245000.0,229750.0,234000.0,244900.0,251675.0,245950.0,252000.0,243000.0,248500.0,249250.0,245000.0,225000.0,244290.0,248150.5,255000.0,257450.0,254000.0,274950.0,255900.0,268300.0,275000.0,265000.0,264000.0,299695.0,275900.0,298500.0,290500.0,285500.0,308940.0,293000.0,319750.0,309288.0,312000.0,322999.0,325520.0,300000.0,338245.0,327750.0,338245.0,357289.0,336000.0,385000.0,379707.0,406107.0,373013.0,394000.0,370000.0,356500.0,384000.0,364950.0,366000.0,374605.0,359370.0,394900.0,344975.0,342400.0,348637.5,347500.0,329950.0,338335.5,350000.0,339950.0,347000.0,354477.0,364715.0,365000.0,354700.0,349000.0,347500.0,360000.0,340219.0,343000.0
394792,110,"Lexington, KY",msa,KY,,,,,,,,,,,,,,,,,,,,,,,,,,,,,,,,,,,,,,,370748.0,311010.0,325628.0,329378.0,295660.0,301427.0,358138.5,352250.0,359790.0,341700.0,339950.0,359900.0,360735.0,369461.0,405900.0,398786.0,435351.03500000003,403672.0,444807.0,417900.0,369414.5,422900.0,453730.0,393001.5,408750.0,416939.5,446000.0,432450.0,434549.0,429750.0,461947.0,449900.0,444000.0,405047.0,417139.0,406350.0,413694.0,441750.0,401920.0,401237.5,405415.0,396765.0,414648.0,399900.0,412585.5,402906.0,393813.0
394971,111,"Pensacola, FL",msa,FL,213450.0,235700.0,254350.0,227000.0,240615.0,275012.5,269100.0,240900.0,247400.0,240500.0,267400.0,256400.0,239075.0,236460.0,238840.0,244700.0,264900.0,257000.0,300000.0,270150.0,260900.0,274900.0,270200.0,284900.0,255900.0,272000.0,249900.0,237850.0,269950.0,264950.0,285400.0,277800.0,294547.5,275200.0,273700.0,268900.0,251865.0,262612.5,265900.0,285900.0,275500.0,304900.0,308900.0,320950.0,328900.0,330250.0,324950.0,348400.0,349900.0,343823.0,337400.0,324750.0,335200.0,359377.5,352175.0,350877.5,321700.0,353897.5,355000.0,360000.0,322545.0,368375.0,342525.0,336217.5,354100.0,344900.0,327900.0,326962.5,316150.0,323300.0,340660.0,344900.0,339900.0,326600.0,334990.0,329900.0,331990.0,328999.0,329900.0,322900.0,310990.0,313490.0,327990.0,316400.0,307695.0
394698,114,"Huntsville, AL",msa,AL,249900.0,256450.0,244900.0,261250.0,248540.5,254819.0,264785.0,250805.0,237900.0,258900.0,266779.0,257900.0,267652.0,249000.0,257446.0,245592.5,280612.0,272040.0,274950.0,279005.0,238400.0,289240.0,289000.0,250500.0,232265.0,257900.0,296843.0,265000.0,271275.0,277887.0,252926.0,270495.0,267205.0,269350.0,277270.0,289337.5,269665.0,265737.5,275294.0,280000.0,286878.5,294620.0,296710.0,300915.0,303000.0,336882.5,339685.0,332217.0,319900.0,334355.0,341400.0,350000.0,340050.0,352950.0,373650.0,375093.5,360000.0,378947.5,355116.5,347142.5,334825.0,344950.0,344715.0,337925.0,347850.0,348976.0,344717.5,340902.5,329900.0,352800.0,337007.5,320900.0,331062.5,323969.0,323695.0,320950.0,352315.0,337900.0,351195.0,333000.0,313355.0,349580.0,322990.0,328580.0,350450.0
394995,115,"Port St. Lucie, FL",msa,FL,254800.0,268600.0,259000.0,245000.0,266450.0,265550.0,249000.0,260550.0,264900.0,255000.0,265000.0,247000.0,222506.5,242800.0,242500.0,258495.0,263500.0,250000.0,259500.0,261987.5,262000.0,263700.0,280050.0,261000.0,270850.0,274000.0,273200.0,264900.0,268900.0,269950.0,288150.0,274500.0,283400.0,278500.0,287000.0,280242.5,276232.5,289200.0,312249.0,291770.0,331426.5,329950.0,336150.0,331600.0,335237.5,344195.0,355512.5,352760.0,334300.0,340260.0,355465.0,369550.0,380000.0,393300.0,426700.0,428000.0,419900.0,419900.0,427270.0,418150.0,401065.0,399900.0,402215.0,408000.0,426460.0,399900.0,413290.0,420000.0,414900.0,420000.0,423500.0,447500.0,404900.0,423967.5,406900.0,433000.0,424532.5,428127.0,425582.5,435000.0,420000.0,429990.0,428995.0,453900.0,448000.0
394898,117,"Myrtle Beach, SC",msa,SC,219000.0,229000.0,232620.0,211522.0,237000.0,229000.0,241070.0,233000.0,242100.0,235763.0,235000.0,223276.0,212000.0,220000.0,243499.5,245000.0,237284.5,248135.0,260000.0,245000.0,255900.0,256384.0,246000.0,265097.5,236900.0,239990.0,240500.0,244215.0,247000.0,257000.0,255500.0,272600.0,256238.0,265500.0,270000.0,261298.0,269560.0,271490.0,268335.0,277500.0,277335.0,287560.0,292500.0,309495.0,323216.0,322632.0,321940.0,334100.0,329832.5,350392.0,342456.0,351260.0,355045.0,358757.5,364995.0,367495.0,359464.0,379970.0,365267.0,364230.5,362175.0,349667.5,349000.0,356633.0,360000.0,365000.0,350007.0,356000.0,355000.0,348500.0,341490.0,353745.0,359700.0,356685.0,355277.0,360000.0,349250.0,356835.0,350000.0,359664.0,344847.5,349734.0,355000.0,355000.0,361090.0
395116,118,"Springfield, MO",msa,MO,,,,,,,,,,,,,,,,,,,,,,,,,,,237287.5,247950.0,258950.0,250637.5,225000.0,232500.0,231790.0,256410.0,219102.5,198900.0,230000.0,205650.0,252934.0,307000.0,251812.0,257500.0,272000.0,270400.0,280387.5,285500.0,295957.5,305000.0,295000.0,310663.5,296750.0,331000.0,308500.0,318500.0,322400.0,328700.0,312288.0,325000.0,326000.0,302000.0,357500.0,289900.0,275747.5,295800.0,309900.0,359900.0,329000.0,318960.0,305367.5,305000.0,299950.0,299000.0,299900.0,320000.0,281585.0,305000.0,309450.0,316475.0,314900.0,319995.0,299950.0,317950.0,302450.0,319800.0,315825.0
394746,120,"Killeen, TX",msa,TX,205800.0,218800.0,199990.0,241354.0,226680.0,216900.0,213850.0,223500.0,196900.0,222722.0,212480.0,215850.0,193802.5,199994.5,239060.0,214533.0,236858.0,222900.0,256816.5,240827.5,238105.0,241175.0,243287.5,229900.0,238027.5,234705.0,225811.0,237425.0,233000.0,250000.0,241863.0,268250.0,243450.0,246725.0,268775.0,263700.0,244847.5,264797.5,250145.0,233950.0,297053.0,270665.0,272000.0,276900.0,298617.5,322000.0,325000.0,343700.0,363124.5,353723.0,363033.5,364795.0,360450.0,373940.0,371569.0,365500.0,359901.0,359000.0,320350.5,329900.0,328950.0,336500.0,336072.5,328000.0,324775.0,318072.5,299450.0,323614.5,337500.0,290552.5,301900.0,332900.0,339950.0,299500.0,312560.0,315100.0,325200.0,310502.5,305000.0,347900.0,299000.0,330000.0,325090.0,342160.5,293391.5
394338,121,"Asheville, NC",msa,NC,290000.0,327000.0,320000.0,295000.0,280000.0,295048.5,342950.0,400000.0,383000.0,328000.0,287500.0,309500.0,281000.0,321500.0,346000.0,320000.0,369000.0,338500.0,352165.0,290000.0,355000.0,345000.0,300500.0,344000.0,292000.0,330500.0,370000.0,290000.0,335732.025,318750.0,325000.0,341687.5,364000.0,342500.0,341000.0,365000.0,362500.0,356000.0,345380.0,395638.0,389000.0,377250.0,352500.0,368290.0,377150.0,391160.0,378890.0,350000.0,366000.0,442149.0,365050.0,359425.0,430000.0,425000.0,410000.0,450000.0,405000.0,457950.0,418000.0,396500.0,405490.0,507145.0,410000.0,447945.0,469000.0,490000.0,459990.0,449000.0,476987.5,475775.0,449895.0,470000.0,473250.0,429460.0,471000.0,470000.0,515902.5,477460.0,450290.0,464500.0,459990.0,457669.0,481632.5,475000.0,489982.5
394658,133,"Gulfport, MS",msa,MS,,,,,,,,,,,,,,,,,,,,,,,,,,,,,200900.0,199270.0,232327.5,257845.0,228925.0,256900.0,259730.5,262525.0,218400.0,254900.0,253990.0,271300.0,267164.0,270200.0,273400.0,279400.0,279740.0,274900.0,277472.0,284670.0,289900.0,290900.0,284900.0,294900.0,317900.0,345400.0,320000.0,329400.0,308175.0,309445.0,300445.0,310900.0,299900.0,305070.0,299517.5,297380.0,304373.0,301900.0,315085.0,290000.0,291225.0,323900.0,315260.5,299830.0,310862.5,308120.0,298900.0,297897.5,302990.0,304550.0,309365.0,296842.5,315065.0,302900.0,354175.0,307900.0,306950.0
395051,134,"Salisbury, MD",msa,DE,299655.0,334105.5,353853.0,390635.0,371590.0,375732.0,352324.0,313990.5,314320.5,327043.0,305257.5,330000.0,299995.0,299900.0,331744.5,289990.0,325050.0,323512.5,307910.0,320910.0,292140.0,334900.0,329990.0,272700.0,296450.0,288190.0,310000.0,266469.0,284587.5,317445.0,323311.0,300000.0,318901.5,307270.0,374560.0,299000.0,275000.0,366140.0,355000.0,389062.0,367190.0,396720.0,325000.0,389990.0,445000.0,420000.0,515476.5,500000.0,506980.0,500219.0,420000.0,457305.0,505640.0,548190.0,593011.0,494631.0,567189.5,502990.0,529337.5,562115.0,551422.5,535000.0,512500.0,570000.0,446235.0,514620.0,505000.0,514990.0,487970.0,524990.0,452500.0,479000.0,464260.0,460630.0,431377.5,442565.0,512500.0,490000.0,454190.0,485890.0,500885.0,518947.5,473935.0,478900.0,488000.0
395070,138,"Savannah, GA",msa,GA,229900.0,216804.0,224000.0,219111.0,232900.0,248965.0,241000.0,220933.0,239900.0,249000.0,229995.0,267769.0,223743.5,237970.0,226475.0,233629.0,225200.0,246559.5,229779.5,258642.0,236500.0,249900.0,254784.0,259991.0,236090.0,240505.0,278000.0,254990.0,227971.0,245295.0,240495.0,270000.0,250000.0,277410.0,273008.0,281548.0,281673.0,259248.0,264729.0,271762.0,265400.0,291040.0,276265.0,277440.0,295741.5,294447.5,305490.0,319269.5,319227.5,344110.0,321245.0,345000.0,333928.5,328990.0,353990.0,359490.0,369490.0,370806.0,377225.0,368190.0,374835.0,374990.0,382990.0,382000.0,384000.0,384900.0,388065.0,381490.0,354285.0,344209.5,381695.0,370400.0,379995.0,384142.5,381490.0,395000.0,377420.0,375000.0,365655.0,370000.0,378490.0,395965.0,389990.0,380553.0,379990.0
395146,145,"Tallahassee, FL",msa,FL,,,,,,,,,,,,,,,,,,,,,,,,,,,,,,,,,,,,,,,274450.0,300950.0,297900.0,319163.5,323200.0,325500.0,329105.0,355850.0,328600.0,344610.0,339900.0,373978.0,367700.0,342450.0,349750.0,363300.0,375000.0,367450.0,387765.0,409237.5,382000.0,377400.0,435000.0,408450.0,391900.0,379900.0,386400.0,320000.0,348700.0,319950.0,351300.0,320360.0,359900.0,375400.0,345200.0,396600.0,310125.0,374805.0,336900.0,364847.5,339341.0,372850.0,316950.0,396624.0,402500.0,387900.0,408206.0
394901,147,"Naples, FL",msa,FL,699264.5,492467.5,496777.5,439999.0,423017.0,449812.0,426377.0,409125.0,407292.0,386650.0,455000.0,454594.0,410665.0,429000.0,377000.0,418000.0,475000.0,468000.0,414297.0,445000.0,404397.5,405500.0,438950.0,419750.0,490000.0,347000.0,370000.0,382857.5,452500.0,354500.0,460000.0,443495.0,483450.0,429000.0,559650.0,775000.0,394146.0,550000.0,694483.0,562900.0,633675.0,560000.0,669683.0,489965.0,610000.0,529900.0,527000.0,678337.0,674877.5,480000.0,551900.0,702500.0,690000.0,650000.0,695995.0,657248.0,660000.0,661445.0,609650.0,635740.0,664778.0,569998.0,602500.0,620000.0,634500.0,617500.0,575000.0,577685.0,629999.0,669000.0,590000.0,647500.0,575571.0,637000.0,630000.0,706000.0,592988.0,620000.0,620000.0,677500.0,680000.0,690000.0,580000.0,606633.0,649000.0
394927,149,"Ocala, FL",msa,FL,,,,,,,,,,,,,,,,,,,,,,,,,,,,,,,,,,,,,,,209990.0,227997.5,215990.0,242990.0,232450.0,245000.0,273850.0,254950.0,288995.0,289990.0,269990.0,288000.0,297490.0,290000.0,303200.0,339990.0,315569.5,297720.0,314995.0,309985.0,312000.0,316990.0,313245.0,306490.0,302990.0,310070.0,299900.0,300995.0,289700.0,289800.0,289900.0,295990.0,287950.0,299900.0,284995.0,285443.0,287995.0,288995.0,288000.0,289000.0,286700.0,294900.0,297945.0,289950.0,306300.0,289995.0,288000.0
394679,150,"Hickory, NC",msa,NC,,,,,,,,,,,,,,,,,,,,,,,,,,,,,,,,,,,,,311851.5,252500.0,230500.0,315912.5,249474.5,245000.0,324677.0,260000.0,303682.5,359900.0,355000.0,290000.0,241750.0,237000.0,248000.0,290000.0,335000.0,304250.0,370900.0,359000.0,330000.0,319500.0,347450.0,330394.5,371645.0,315000.0,350000.0,348000.0,363335.0,331749.5,363019.5,354389.5,357999.0,345000.0,357000.0,279000.0,364660.0,352890.0,332000.0,330500.0,345000.0,349179.0,332000.0,334999.0,359000.0,370100.0,349000.0,306999.5,355394.0
395109,160,"Spartanburg, SC",msa,SC,164205.0,173245.0,186945.0,183000.0,181706.0,196445.0,181900.0,186000.0,214900.0,193000.0,194900.0,192936.5,197522.5,180823.0,193990.0,199400.0,197239.0,203923.0,199147.5,206720.0,209939.5,209950.0,197192.5,214900.0,197695.0,207950.0,214200.0,204000.0,222400.0,223700.0,205750.0,217805.0,218486.0,227500.0,228700.0,230416.0,218796.0,202990.0,239312.5,234144.5,226140.0,226791.0,242990.0,235870.0,242990.0,252923.0,250000.0,266247.5,256615.0,278623.5,279490.0,279645.0,289779.0,301029.5,300600.0,305695.0,309240.0,289999.0,314415.0,289999.0,286170.0,288000.0,289685.0,285491.5,300000.0,299000.0,308900.0,285000.0,294445.0,289900.0,289900.0,281604.0,272000.0,279000.0,286549.5,288990.0,289900.0,297359.0,294900.0,292000.0,294000.0,304000.0,289999.5,279500.0,295000.0
394645,161,"Greeley, CO",msa,CO,355850.0,368186.0,376585.0,361490.0,368137.5,375355.0,368680.0,372663.0,365000.0,378884.0,375000.0,388004.0,393672.5,354312.5,365000.0,382270.5,370488.0,379252.5,380724.5,383690.0,386303.5,404032.5,390860.0,408750.0,442367.5,403621.0,410495.0,419000.0,417000.0,431577.5,420716.0,438527.5,442395.0,408709.0,426975.0,448815.0,446120.0,451010.0,457505.0,473921.5,485192.0,494075.0,475957.5,482047.0,495600.0,515900.0,526605.0,519730.0,549525.0,464496.0,536900.0,506245.5,530094.0,538400.0,540439.0,547000.0,513085.0,514730.0,536007.5,523600.0,523712.5,503000.0,529995.0,530032.5,547500.0,550000.0,516307.0,519850.0,522875.0,523312.5,544990.0,515000.0,499950.0,523100.0,509945.0,508731.0,502000.0,541320.0,540900.0,542970.0,517595.0,542900.0,572450.0,574900.0,573700.0
394808,162,"Lubbock, TX",msa,TX,,,,,,,,,,,,,,,,,,,,,,,,,,,305000.0,292450.0,286450.0,288253.0,308500.0,271724.5,325500.0,363418.0,307500.0,364969.5,375000.0,313984.5,343000.0,321000.0,359285.0,299900.0,245000.0,349500.0,355000.0,339000.0,318907.0,307555.0,296990.0,316871.0,348950.0,358175.0,335000.0,303111.5,330000.0,356260.0,316000.0,298623.0,302452.0,349950.0,324357.5,279990.0,298100.0,321375.0,310000.0,330000.0,316850.0,349000.0,300990.0,294210.0,274105.0,257500.0,279475.0,285231.0,289000.0,252500.0,271313.5,285000.0,300000.0,279000.0,295990.0,343500.0,300000.0,315000.0,352750.0
394471,163,"Clarksville, TN",msa,TN,196950.0,215400.0,205400.0,224950.0,225400.0,244362.0,229800.0,230256.0,219900.0,231406.0,222225.0,245400.0,240000.0,239000.0,244950.0,239900.0,267500.0,247825.0,257900.0,254900.0,262200.0,249900.0,275000.0,268700.0,259325.0,266500.0,266450.0,256796.0,269900.0,274000.0,262400.0,256900.0,263700.0,263900.0,275000.0,266750.0,280150.0,260000.0,262400.0,275000.0,288150.0,287400.0,303150.0,299000.0,322500.0,315000.0,339450.0,338900.0,330000.0,341500.0,339900.0,362900.0,360877.5,351750.0,363400.0,359950.0,367900.0,355950.0,386250.0,330000.0,364900.0,377250.0,335000.0,362000.0,357900.0,337900.0,334900.0,349450.0,305900.0,317400.0,365900.0,341600.0,344000.0,368950.0,363138.0,369900.0,315450.0,357400.0,358900.0,358000.0,349950.0,371900.0,374950.0,349990.0,360000.0
394741,168,"Kennewick, WA",msa,WA,,,,,,,,,,,,,,,,,,,,,,,,,,,,,,,372500.0,380786.5,487500.0,429900.0,465000.0,396902.0,421900.0,407500.0,401690.0,379924.0,389900.0,376024.0,410000.0,454180.0,450078.0,435000.0,466521.0,544641.0,489500.0,525618.0,502674.0,499949.5,476634.5,493240.0,508515.0,527640.5,578105.5,517255.0,533980.0,542551.0,539900.0,523130.0,522255.0,534000.0,510000.0,510710.0,493675.0,478482.5,466160.0,430000.0,504850.0,495000.0,494900.0,430932.5,494900.0,460300.0,488570.0,431234.0,479315.0,517913.0,526447.5,457699.5,459798.0,474875.0,455000.0
395229,174,"Wilmington, NC",msa,NC,293500.0,292000.0,296450.0,306000.0,322250.0,330000.0,340000.0,328000.0,314500.0,303000.0,350000.0,351500.0,345000.0,290000.0,298500.0,340000.0,336281.0,344500.0,330000.0,339500.0,369500.0,338250.0,386697.0,380000.0,303500.0,337000.0,334500.0,365500.0,345250.0,346500.0,335000.0,337267.0,355525.5,349435.0,392650.0,325119.0,314395.5,321704.0,346070.0,353905.0,337990.0,324695.0,323200.0,379250.0,343245.0,331495.0,346995.0,403500.0,383377.33,386529.5,363250.0,389870.0,408750.0,462500.0,395000.0,434950.0,472500.0,470000.0,468250.0,508000.0,409453.0,479750.0,501250.0,487000.0,460000.0,488450.0,489000.0,477000.0,525000.0,505934.0,463500.0,467695.0,409900.0,435000.0,451000.0,466500.0,516500.0,425000.0,509900.0,509000.0,509900.0,511302.5,489000.0,548900.0,540976.0
753875,176,"Crestview, FL",msa,FL,348750.0,336384.0,385997.0,327450.0,400750.0,416063.0,357900.0,339900.0,355300.0,341604.0,341900.0,309127.5,272925.0,286000.0,323450.0,337200.0,360870.0,350450.0,329000.0,377000.0,322100.0,321150.0,336000.0,350500.0,360450.0,350975.0,371450.0,350000.0,399900.0,452500.0,541500.0,545000.0,486562.0,363000.0,452500.0,381900.0,337900.0,298700.0,350600.0,454867.0,510000.0,455050.0,382500.0,450000.0,394950.0,504000.0,449900.0,434600.0,463559.5,394150.0,450000.0,395779.0,445000.0,479039.0,488947.5,541995.0,439500.0,469000.0,544210.0,466431.0,449950.0,449900.0,419205.0,417500.0,428500.0,404950.0,397575.0,399900.0,435497.5,411107.0,392450.0,380841.0,414000.0,378143.5,370900.0,375087.0,396620.0,377943.0,400067.5,393350.0,372100.0,380900.0,389900.0,398575.0,493490.0
394412,181,"Bremerton, WA",msa,WA,,,,,,,,,,,,,,,,,,,,,,,,,,,,,,424730.0,490641.0,481888.0,442975.0,479950.0,456694.0,453900.0,508052.5,501475.0,528942.0,511375.0,557558.85,499950.0,525000.0,542950.0,506700.0,519425.0,599950.0,514900.0,561900.0,610892.5,596839.0,610908.5,607157.0,661042.0,639900.0,588215.0,584150.0,585000.0,554975.0,559950.0,587691.0,526373.0,539995.0,599900.0,564947.5,555347.5,599950.0,599990.0,584990.0,617400.0,594970.0,601790.0,566995.0,590000.0,584995.0,579990.0,624990.0,619990.0,510585.0,563995.0,562492.5,642591.0,555000.0,569900.0,599950.0
394681,216,"Hilton Head Island, SC",msa,SC,308500.0,310320.0,284755.0,336995.0,290915.0,316745.0,348450.0,296459.5,292750.0,327300.0,357995.0,293000.0,269395.0,320000.0,268745.0,309990.0,328163.5,401665.0,334945.0,321317.5,345000.0,415370.0,338080.0,372457.5,410000.0,352500.0,359500.0,360790.0,371025.5,381239.0,334000.0,334900.5,325000.0,324900.0,371815.0,384608.5,375545.0,429470.0,368500.0,370325.0,316269.5,383318.0,380000.0,353434.0,359900.0,431441.5,419605.0,388890.0,445000.0,396810.0,443047.5,438863.0,437410.0,475275.0,461310.0,424465.0,399715.0,450890.0,424000.0,442433.5,416660.0,465115.0,451761.5,504075.0,462640.0,466207.0,422588.0,508932.5,473490.0,482493.5,500415.0,507000.0,491758.0,506442.5,496500.0,437962.5,505445.0,424995.0,484315.0,512390.0,496900.0,563018.0,439990.0,425000.0,514900.0
394765,218,"Lake Havasu City, AZ",msa,AZ,188000.0,116625.0,214900.0,245400.0,235000.0,290000.0,276250.0,339900.0,267000.0,261997.0,315864.0,320000.0,326471.0,234900.0,239900.0,292440.0,295000.0,248250.0,354000.0,277555.0,309836.0,279000.0,298053.0,277388.0,252595.0,239470.5,333545.0,279752.0,301000.0,298300.0,334850.0,217870.0,279950.0,254000.0,286900.0,285375.0,280000.0,303772.5,295825.0,256830.0,279000.0,279750.0,269822.0,298113.5,311395.5,319145.0,324200.0,305435.0,284900.0,335750.0,359900.0,319900.0,357000.0,348289.0,341000.0,347400.0,318990.0,346398.0,329000.0,265695.0,276000.0,268744.0,270495.0,332900.0,313100.0,319500.0,373345.0,313547.5,318457.5,339900.0,319000.0,286990.0,337400.0,321260.5,274037.5,325750.0,291612.5,292000.0,299450.0,289900.0,292990.0,293990.0,333000.0,284123.0,299900.0
394716,227,"Jacksonville, NC",msa,NC,184000.0,191000.0,200000.0,196750.0,204000.0,205000.0,197400.0,214000.0,239500.0,200000.0,202000.0,208000.0,200000.0,196000.0,202500.0,208000.0,201500.0,220000.0,205000.0,208000.0,199000.0,200000.0,220250.0,219000.0,212000.0,206000.0,213000.0,202250.0,225000.0,220000.0,223500.0,230000.0,230990.0,210500.0,226000.0,283500.0,228500.0,212000.0,259495.0,250970.0,278250.0,262000.0,273000.0,269900.0,261500.0,307500.0,258000.0,266000.0,277000.0,246750.0,275995.0,248500.0,283250.0,300500.0,318000.0,302000.0,299990.0,298500.0,319900.0,330000.0,309990.0,308000.0,324500.0,300000.0,320000.0,329000.0,359000.0,337900.0,344000.0,335000.0,337400.0,334900.0,329870.0,365000.0,332000.0,352750.0,359000.0,352750.0,342000.0,325793.0,336733.0,354500.0,356700.0,347900.0,343475.0
394380,232,"Bend, OR",msa,OR,356386.0,347450.0,349900.0,383900.0,395900.0,390447.5,416900.0,406436.0,372500.0,392400.0,380200.0,400000.0,360160.0,422450.0,406697.5,412400.0,433320.0,407490.0,422450.0,430666.0,439900.0,422423.5,382445.0,439990.0,416025.5,408672.5,449900.0,396411.0,417995.0,404289.0,459090.0,528900.0,414900.0,435349.0,570200.0,432408.0,395932.5,389900.0,458204.0,445257.5,465290.0,457735.0,444945.0,539675.0,485000.0,534427.0,484900.0,549945.0,531058.88,601807.5,649900.0,558550.0,562540.0,572986.0,541700.0,660947.5,654480.0,617447.5,599995.0,649475.0,673345.0,569995.0,564995.0,615043.0,598072.5,589995.0,594137.0,640510.0,582026.0,644015.0,670000.0,750000.0,612000.0,605400.0,650900.0,639900.0,649900.0,668988.0,661484.5,623091.5,638450.0,635000.0,590046.5,601690.0,674900.0
395009,237,"Punta Gorda, FL",msa,FL,220350.0,238000.0,230950.0,225000.0,246400.0,217300.0,258000.0,225400.0,222350.0,239500.0,262650.0,238600.0,214000.0,234700.0,243550.0,231900.0,232000.0,222307.5,232000.0,229485.0,251750.0,250700.0,274300.0,246800.0,241100.0,232047.5,257055.0,245000.0,229900.0,229950.0,240000.0,259773.0,238000.0,273775.0,255000.0,265000.0,264772.0,297856.0,271313.5,271700.0,254625.0,287450.0,303000.0,300000.0,325000.0,325000.0,348850.0,367000.0,355745.0,359900.0,354900.0,359900.0,364950.0,359900.0,371245.0,389000.0,375000.0,389900.0,424398.0,388000.0,365045.0,365650.0,360650.0,370500.0,373164.5,376087.5,375286.0,385499.0,374600.0,385000.0,381500.0,359950.0,344900.0,367990.0,370150.0,360000.0,336000.0,347500.0,354900.0,352150.0,341940.0,338250.0,345000.0,349000.0,353650.0
394960,242,"Panama City, FL",msa,FL,,,,,,,,,,,,,,,,,,,,,,,,,322025.0,293950.0,284900.0,277888.5,269900.0,273375.0,276950.0,259137.5,274400.0,304900.0,286200.0,317450.0,256109.0,274500.0,284908.0,319000.0,330059.5,329900.0,357300.0,373200.0,340000.0,335500.0,349000.0,345000.0,341800.0,344200.0,346800.0,351000.0,354600.0,380000.0,359175.0,384977.0,432552.0,370000.0,380000.0,399450.0,399450.0,342700.0,429900.0,415087.5,390000.0,361537.5,385000.0,399900.0,384900.0,377450.0,410535.0,346450.0,333450.0,359900.0,329900.0,363398.0,332400.0,344900.0,384900.0,324900.0,329050.0,368875.0,330500.0,339900.0,334000.0
394651,259,"Greenville, NC",msa,NC,,,,,,,,,,,,,,,,,,,,,,,,,,,,,,,,,,,,,,,,,,,,,,,,,,,,,314000.0,345770.0,339000.0,352000.0,330657.5,334000.0,330000.0,325000.0,322000.0,304495.0,298250.0,332000.0,336000.0,324000.0,340000.0,336750.0,310595.0,340000.0,312500.0,313000.0,280200.0,310300.0,305000.0,289500.0,307000.0,290630.0,295000.0,301917.5,320175.0,317765.0,299800.0,321000.0,389950.0
394428,260,"Burlington, NC",msa,NC,,,,,,,,,,,,,,,,,,,,,,,,,,,,,,,,,,,,,,,,,,,,,,,,,,,,,,,,,,,,,,,361440.0,350070.0,355470.0,351365.0,323469.5,346990.0,356100.0,355745.0,360000.0,367500.0,367950.0,360990.0,357000.0,360000.0,341000.0,353750.0,337344.5,372940.0,387050.0,345000.0,368000.0,345000.0,320745.0
394480,262,"Coeur d'Alene, ID",msa,ID,,,,,,,,,,,,,,,,,,,,,,,,,,,,,,,,,,,,,,,,,,,,,,,,,,,,,,,,,,,,,,,,,,,,,,,,,655000.0,559950.0,549000.0,499319.0,551475.0,477532.0,569950.0,560000.0,612500.0,662695.0,705770.0,597000.0,561871.0
395079,274,"Sebastian, FL",msa,FL,,,,,,,,,,,,,,,,,,,,,,,,,,,,,,,,,,,,,,,,,,,,,,,,,,,,,,,,,,,,,,,,,,,,,,,,,,513311.5,381000.0,381500.0,533095.0,511710.0,454500.0,482617.5,469990.0,470000.0,437950.0,403750.0,341400.0
394685,289,"Homosassa Springs, FL",msa,FL,,,,,,,,,,,,,,,,,,,,,,,,,,,,,,,,,,,,,184900.0,190000.0,199900.0,204945.0,219950.0,224900.0,234600.0,278181.0,244400.0,230000.0,238000.0,229900.0,235000.0,245950.0,250000.0,269900.0,259900.0,269900.0,272000.0,275000.0,275950.0,278950.0,271310.0,287000.0,280000.0,269900.0,269900.0,287300.0,270000.0,268700.0,271000.0,281699.0,282990.0,288450.0,272450.0,294990.0,287500.0,282990.0,263000.0,279900.0,279450.0,270000.0,270945.0,279500.0,278000.0,284000.0,299950.0,288499.5,282150.0
394674,467,"Heber, UT",msa,UT,,,,,,,,,,,,,,,,,,,,,,,,,,,,,,1090000.0,2277500.0,952548.0,1677000.0,1199000.0,1250000.0,1230000.0,726900.0,757415.5,1014312.5,1042553.5,789900.0,1015360.0,969000.0,794900.0,796385.0,1695564.0,1336148.5,1375000.0,1375000.0,1277462.0,1525000.0,1049485.5,1590000.0,1496070.5,1372563.0,1220000.0,1296982.0,1174500.0,1512000.0,1578105.0,1476468.0,1300000.0,1171372.5,1275000.0,1053344.5,1444589.0,1687471.0,1215000.0,1782500.0,1644914.0,1200000.0,1300000.0,1376149.0,1005790.0,1310614.5,1199899.0,1150000.0,1645135.0,1492000.0,1252100.0,1367093.0,2541135.0,1297500.0,2110290.0,2340250.0
753893,477,"Jefferson, GA",msa,GA,215000.0,217500.0,234630.0,225065.0,239900.0,213320.0,208400.0,198900.0,255087.0,236340.0,216950.0,248450.0,248637.0,233995.0,278150.0,277225.0,279900.0,259000.0,258000.0,247000.0,281545.5,264017.5,273245.0,258000.0,266700.0,276900.0,268701.0,273000.0,289886.0,277000.0,299950.0,298400.0,282900.0,299791.0,305125.5,313150.0,307512.5,306280.0,299950.0,308025.0,275725.0,270990.0,281445.0,308750.0,306450.0,304195.0,360000.0,397450.0,399450.0,439900.0,367995.0,375120.0,392500.0,424000.0,409495.0,413900.0,496000.0,442767.5,410653.5,407067.5,387400.0,388700.0,404900.0,427957.0,402900.0,409900.0,413565.0,425000.0,432349.0,430000.0,423319.0,415376.0,395400.0,440350.0,449765.0,464900.0,415401.0,440620.0,456807.0,474990.0,470490.0,442990.0,440075.0,469482.5,528550.0
